sample,country_iso3,country_name,n_institutions,n_priced,public_share,free_share,free_or_low_share,public_and_free_or_low_share,control_type,price_type,country_type,grid_cell_unweighted,grid_cell_enrolment_weighted,n_govt_fee_aid_yes,n_govt_cash_aid_yes,n_inst_fee_aid_yes,n_inst_cash_aid_yes,n_govt_fee_aid_unknown,n_govt_cash_aid_unknown,n_inst_fee_aid_unknown,n_inst_cash_aid_unknown,n_band_unstable,n_low_confidence,sens_top1,sens_top3,sens_alt_bands,sens_govdep_as_public,sens_enrolment_weighted,sens_range_low_end,sens_range_high_end,sens_free_track_headline,sens_majority_entrants_price,gdp_pc_2023_lcu,currency,gini,gini_year,gini_welfare_type,gini_coverage,gini_flag
qs2027_overall,ARG,Argentina,5,4,0.40,0.5,0.5,0.4,mixed,incomplete(free..moderate),mixed-incomplete(free..moderate),private_not_govt_dependent|moderate_or_high / public|free,public|free,0,2,2,2,0,0,0,2,2,3,public-free,mixed-free,mixed-incomplete(free..moderate),mixed-incomplete(free..moderate),public-free,mixed-incomplete(free..moderate),mixed-incomplete(free..high),mixed-incomplete(free..moderate),mixed-incomplete(free..moderate),4225186.74,ARS,42.4,2023,income,urban,non-national coverage
qs2027_overall,AUS,Australia,5,5,1.00,0.0,0.0,0.0,public,moderate,public-moderate,public|moderate_or_high,public|moderate_or_high,0,5,0,5,0,0,1,0,5,0,public-moderate,public-moderate,public-low_moderate,public-moderate,public-moderate,public-low,public-moderate,public-moderate,public-moderate,96662.44,AUD,33.8,2020,income,national,
qs2027_overall,AUT,Austria,5,5,0.80,0.8,0.8,0.8,public,free,public-free,public|free,public|free,1,5,0,1,4,0,4,3,0,0,public-free,mixed-free,public-free,public-free,public-free,public-free,public-free,public-free,public-free,52326.96,EUR,31.2,2023,income,national,
qs2027_overall,BEL,Belgium,5,5,0.40,0.0,1.0,0.4,mixed,low,mixed-low,private_govt_dependent|low_to_low_moderate,private_govt_dependent|low_to_low_moderate,5,5,1,5,0,0,4,0,0,0,private-low,mixed-low,mixed-free,public-low,private-low,mixed-low,mixed-low,mixed-low,mixed-low,51092.47,EUR,26.8,2023,income,national,
qs2027_overall,BRA,Brazil,5,5,1.00,1.0,1.0,1.0,public,free,public-free,public|free,public|free,0,2,0,4,0,1,0,1,0,0,public-free,public-free,public-free,public-free,public-free,public-free,public-free,public-free,public-free,51829.62,BRL,51.5,2023,income,national,
qs2027_overall,CAN,Canada,5,5,0.80,0.0,0.0,0.0,public,moderate,public-moderate,public|moderate_or_high,public|moderate_or_high,5,5,5,1,0,0,0,4,2,1,private-low_moderate,mixed-moderate,public-low_moderate,public-moderate,public-moderate,public-low_moderate,public-moderate,public-moderate,public-moderate,74039.16,CAD,31.5,2022,income,national,
qs2027_overall,CHE,Switzerland,5,5,1.00,0.0,1.0,1.0,public,low,public-low,public|low_to_low_moderate,public|low_to_low_moderate,0,5,2,5,5,0,3,0,0,0,public-low,public-low,public-free,public-low,public-low,public-low,public-low,public-low,public-low,93847.06,CHF,33.5,2023,income,national,
qs2027_overall,CHL,Chile,5,5,0.40,0.0,0.0,0.0,mixed,high,mixed-high,private_govt_dependent|moderate_or_high / public|moderate_or_high,public|moderate_or_high,5,0,5,2,0,5,0,3,4,0,private-high,mixed-high,mixed-high,public-high,mixed-high,mixed-moderate,mixed-high,mixed-high,mixed-high,14349611.56,CLP,43.2,2022,income,national,
qs2027_overall,CHN,China,5,5,1.00,0.0,0.0,0.0,public,low_moderate,public-low_moderate,public|low_to_low_moderate,public|low_to_low_moderate,0,5,1,3,5,0,4,2,2,0,public-low_moderate,public-low_moderate,public-low_moderate,public-low_moderate,public-low_moderate,public-low_moderate,public-low_moderate,public-low_moderate,public-low_moderate,91746.12,CNY,36.0,2022,consumption,national,
qs2027_overall,COL,Colombia,5,5,0.40,0.0,0.0,0.0,mixed,high,mixed-high,private_not_govt_dependent|moderate_or_high,public|moderate_or_high,2,0,4,1,3,5,1,4,1,0,private-high,mixed-high,mixed-high,mixed-high,mixed-high,mixed-high,mixed-high,mixed-high,mixed-high,30335723.49,COP,54.6,2023,income,national,
qs2027_overall,CZE,Czechia,5,5,1.00,1.0,1.0,1.0,public,free,public-free,public|free,public|free,0,5,0,0,0,0,0,4,0,0,public-free,public-free,public-free,public-free,public-free,public-free,public-free,public-free,public-free,705046.52,CZK,25.7,2023,income,national,
qs2027_overall,DEU,Germany,5,5,1.00,0.6,1.0,1.0,public,free,public-free,public|free,public|free,0,5,0,0,3,0,1,5,0,0,public-free,public-free,public-free,public-free,public-free,public-free,public-free,public-free,public-free,50659.72,EUR,33.7,2022,income,national,
qs2027_overall,DNK,Denmark,5,5,1.00,1.0,1.0,1.0,public,free,public-free,public|free,public|free,0,5,0,0,0,0,0,5,0,0,public-free,public-free,public-free,public-free,public-free,public-free,public-free,public-free,public-free,468799.80,DKK,29.9,2023,income,national,
qs2027_overall,ECU,Ecuador,5,4,0.20,0.25,0.25,0.2,private,high,private-high,private_not_govt_dependent|moderate_or_high,private_govt_dependent|moderate_or_high,1,0,3,1,3,5,1,4,0,1,private-high,mixed-incomplete(free..high),private-high,mixed-high,not_computable(no enrolment: ECU-UEES),private-high,private-high,private-high,private-high,6718.14,USD,44.6,2023,income,national,
qs2027_overall,EGY,Egypt,5,4,0.80,0.0,0.25,0.2,public,incomplete(low_moderate..high),public-incomplete(low_moderate..high),public|low_to_low_moderate,public|low_to_low_moderate,3,0,1,0,2,5,4,5,1,4,public-low_moderate,mixed-incomplete(low_moderate..high),public-incomplete(low_moderate..high),public-incomplete(low_moderate..high),public-incomplete(low..low_moderate),public-incomplete(low..high),public-incomplete(low_moderate..high),public-incomplete(low_moderate..high),public-incomplete(low_moderate..high),88665.75,EGP,28.5,2021,consumption,national,
qs2027_overall,ESP,Spain,5,5,1.00,0.0,1.0,1.0,public,low,public-low,public|low_to_low_moderate,public|low_to_low_moderate,5,5,5,1,0,0,0,4,0,0,public-low,public-low,public-low,public-low,public-low,public-low,public-low,public-low,public-low,30975.86,EUR,33.4,2023,income,national,
qs2027_overall,EST,Estonia,4,4,1.00,1.0,1.0,1.0,public,free,public-free,public|free,public|free,0,4,0,0,0,0,0,0,0,0,public-free,public-free,public-free,public-free,public-free,public-free,public-free,public-free,public-free,27989.35,EUR,30.7,2023,income,national,
qs2027_overall,FIN,Finland,5,5,0.80,1.0,1.0,0.8,public,free,public-free,public|free,public|free,0,5,0,0,0,0,5,5,0,0,public-free,mixed-free,public-free,public-free,public-free,public-free,public-free,public-free,public-free,48891.36,EUR,27.4,2023,income,national,
qs2027_overall,FRA,France,5,5,1.00,0.6,0.8,0.8,public,free,public-free,public|free,public|free,4,4,1,0,0,0,4,5,1,1,public-low,public-low,public-free,public-free,public-free,public-free,public-free,public-free,public-free,41340.46,EUR,31.8,2023,income,national,
qs2027_overall,GBR,United Kingdom,5,5,0.00,0.2,0.2,0.0,private,moderate,private-moderate,private_not_govt_dependent|moderate_or_high,private_not_govt_dependent|moderate_or_high,0,1,0,5,0,0,0,0,0,0,private-moderate,private-moderate,private-moderate,private-moderate,private-moderate,private-moderate,private-moderate,private-moderate,private-moderate,40162.33,GBP,32.4,2021,income,national,
qs2027_overall,GRC,Greece,5,5,1.00,1.0,1.0,1.0,public,free,public-free,public|free,public|free,0,5,0,5,0,0,0,0,0,0,public-free,public-free,public-free,public-free,public-free,public-free,public-free,public-free,public-free,21589.19,EUR,33.4,2023,income,national,
qs2027_overall,HKG,Hong Kong,5,5,1.00,0.0,0.0,0.0,public,moderate,public-moderate,public|moderate_or_high,public|moderate_or_high,5,5,2,1,0,0,3,4,0,0,public-moderate,public-moderate,public-low_moderate,public-moderate,public-moderate,public-moderate,public-moderate,public-moderate,public-moderate,395590.56,HKD,,,,,no PIP survey 2013-2023
qs2027_overall,HRV,Croatia,4,4,1.00,1.0,1.0,1.0,public,free,public-free,public|free,public|free,0,4,0,3,4,0,4,1,0,0,public-free,public-free,public-free,public-free,public-free,public-free,public-free,public-free,public-free,20516.18,EUR,30.1,2023,income,national,
qs2027_overall,HUN,Hungary,5,5,0.40,0.0,0.0,0.0,mixed,moderate,mixed-moderate,private_govt_dependent|moderate_or_high,private_govt_dependent|moderate_or_high,0,5,5,0,0,0,0,5,5,0,public-moderate,mixed-moderate,mixed-moderate,public-moderate,mixed-moderate,mixed-low,mixed-high,mixed-free,mixed-moderate,7841615.56,HUF,30.6,2017,income,national,
qs2027_overall,IDN,Indonesia,5,5,1.00,0.0,0.0,0.0,public,high,public-high,public|moderate_or_high,public|moderate_or_high,5,5,4,0,0,0,1,5,5,0,public-high,public-high,public-high,public-high,public-high,public-free,public-high,public-high,public-high,74299609.95,IDR,36.1,2023,consumption,national,
qs2027_overall,IND,India,6,6,1.00,0.0,0.0,0.0,public,high,public-high,public|moderate_or_high,public|moderate_or_high,5,6,5,3,0,0,0,2,1,0,public-high,public-high,public-high,public-high,public-high,public-high,public-high,public-high,public-high,201547.33,INR,23.0,2023,consumption,national,
qs2027_overall,IRL,Ireland,5,5,1.00,0.0,1.0,1.0,public,low,public-low,public|low_to_low_moderate,public|low_to_low_moderate,5,5,0,0,0,0,5,5,0,0,public-low,public-low,public-free,public-low,public-low,public-low,public-low,public-low,public-low,98790.36,EUR,29.0,2023,income,national,
qs2027_overall,ISR,Israel,5,5,0.00,0.0,0.0,0.0,private,low_moderate,private-low_moderate,private_govt_dependent|low_to_low_moderate,private_govt_dependent|low_to_low_moderate,0,0,3,0,5,5,2,5,0,0,private-low_moderate,private-low_moderate,private-low_moderate,public-low_moderate,private-low_moderate,private-low_moderate,private-low_moderate,private-low_moderate,private-low_moderate,191167.22,ILS,38.3,2022,income,national,
qs2027_overall,ITA,Italy,5,5,1.00,0.0,0.0,0.0,public,low_moderate,public-low_moderate,public|low_to_low_moderate,public|low_to_low_moderate,5,5,5,0,0,0,0,5,5,0,public-moderate,public-moderate,public-low_moderate,public-low_moderate,public-low_moderate,public-free,public-low_moderate,public-low_moderate,public-low_moderate,36327.42,EUR,34.3,2023,income,national,
qs2027_overall,JPN,Japan,5,5,1.00,0.0,0.0,0.0,public,moderate,public-moderate,public|moderate_or_high,public|moderate_or_high,5,5,2,2,0,0,1,3,0,0,public-moderate,public-moderate,public-low_moderate,public-moderate,public-moderate,public-moderate,public-moderate,public-moderate,public-moderate,4947394.59,JPY,32.3,2020,income,national,
qs2027_overall,KOR,South Korea,5,5,0.40,0.4,0.4,0.2,mixed,moderate,mixed-moderate,private_not_govt_dependent|moderate_or_high,private_not_govt_dependent|moderate_or_high,3,0,3,0,0,5,0,5,2,0,public-moderate,mixed-moderate,mixed-moderate,mixed-moderate,mixed-moderate,mixed-moderate,mixed-moderate,mixed-moderate,mixed-moderate,46578329.36,KRW,32.9,2021,income,national,
qs2027_overall,LTU,Lithuania,5,5,1.00,0.0,0.0,0.0,public,moderate,public-moderate,public|moderate_or_high,public|moderate_or_high,0,5,3,2,0,0,2,3,4,0,public-moderate,public-moderate,public-moderate,public-moderate,public-moderate,public-moderate,public-high,public-free,public-free,25880.12,EUR,36.0,2023,income,national,
qs2027_overall,MEX,Mexico,5,5,0.40,0.4,0.4,0.4,mixed,high,mixed-high,private_not_govt_dependent|moderate_or_high,public|free,0,1,3,2,0,1,0,3,0,2,public-free,mixed-high,mixed-high,mixed-high,public-free,mixed-high,mixed-high,mixed-high,mixed-high,245618.04,MXN,43.5,2022,income,national,
qs2027_overall,MYS,Malaysia,5,5,1.00,0.0,0.6,0.6,public,low,public-low,public|low_to_low_moderate,public|low_to_low_moderate,5,0,4,3,0,5,1,2,4,1,public-low_moderate,public-low_moderate,public-low,public-low,public-low,public-low,public-low_moderate,public-low,public-low,51927.43,MYR,40.7,2021,income,national,
qs2027_overall,NGA,Nigeria,5,4,1.00,0.0,0.0,0.0,public,low_moderate,public-low_moderate,public|low_to_low_moderate,,0,0,0,0,5,5,5,5,3,2,public-moderate,public-low_moderate,public-low_moderate,public-low_moderate,not_computable(no enrolment: NGA-ABU),public-low_moderate,public-incomplete(low_moderate..moderate),public-low_moderate,public-low_moderate,1378003.90,NGN,33.9,2022,consumption,national,
qs2027_overall,NLD,Netherlands,5,5,1.00,0.0,0.2,0.2,public,low_moderate,public-low_moderate,public|low_to_low_moderate,public|low_to_low_moderate,0,5,0,0,0,0,5,5,4,0,public-low,public-low_moderate,public-low_moderate,public-low_moderate,public-low_moderate,public-low,public-low_moderate,public-low_moderate,public-low_moderate,58741.74,EUR,25.7,2021,income,national,
qs2027_overall,NOR,Norway,5,5,1.00,1.0,1.0,1.0,public,free,public-free,public|free,public|free,0,0,0,0,0,0,0,5,0,0,public-free,public-free,public-free,public-free,public-free,public-free,public-free,public-free,public-free,961098.64,NOK,26.5,2023,income,national,
qs2027_overall,NZL,New Zealand,5,5,1.00,0.0,0.0,0.0,public,moderate,public-moderate,public|moderate_or_high,public|moderate_or_high,0,5,1,0,0,0,4,5,5,1,public-moderate,public-moderate,public-low_moderate,public-moderate,public-moderate,public-low_moderate,public-moderate,public-moderate,public-moderate,80285.58,NZD,,,,,no PIP survey 2013-2023
qs2027_overall,PAK,Pakistan,5,5,0.80,0.0,0.0,0.0,public,high,public-high,public|moderate_or_high,,4,4,2,0,1,1,3,5,0,0,public-high,public-high,public-high,public-high,not_computable(no enrolment: PAK-QIA PAK-NUST PAK-PIEAS PAK-PU PAK-LUMS),public-high,public-high,public-high,public-high,337977.01,PKR,29.6,2018,consumption,national,
qs2027_overall,PER,Peru,5,5,0.20,0.2,0.2,0.2,private,high,private-high,private_not_govt_dependent|moderate_or_high,private_not_govt_dependent|moderate_or_high,4,5,4,0,1,0,1,5,0,0,private-high,mixed-high,private-high,private-high,mixed-high,private-high,private-high,private-high,private-high,29647.53,PEN,40.7,2023,income,national,
qs2027_overall,POL,Poland,5,5,1.00,1.0,1.0,1.0,public,free,public-free,public|free,public|free,0,5,0,2,0,0,0,3,0,0,public-free,public-free,public-free,public-free,public-free,public-free,public-free,public-free,public-free,93091.32,PLN,28.5,2023,income,national,
qs2027_overall,PRT,Portugal,5,5,1.00,0.0,1.0,1.0,public,low,public-low,public|low_to_low_moderate,public|low_to_low_moderate,5,5,1,1,0,0,4,4,0,0,public-low,public-low,public-low,public-low,public-low,public-low,public-low,public-low,public-low,25557.59,EUR,33.9,2023,income,national,
qs2027_overall,PRY,Paraguay,1,1,1.00,0.0,1.0,1.0,public,low,public-low,public|low_to_low_moderate,public|low_to_low_moderate,1,0,1,0,0,1,0,1,0,1,public-low,public-low,public-low,public-low,public-low,public-low,public-low,public-low,public-low,45943691.74,PYG,44.2,2023,income,national,
qs2027_overall,ROU,Romania,5,5,1.00,0.0,0.2,0.2,public,low_moderate,public-low_moderate,public|low_to_low_moderate,public|low_to_low_moderate,0,5,0,0,5,0,5,5,4,0,public-low_moderate,public-low_moderate,public-low_moderate,public-low_moderate,public-low_moderate,public-low,public-low_moderate,public-free,public-low_moderate,83455.44,RON,29.8,2023,income,national,
qs2027_overall,SAU,Saudi Arabia,5,5,0.80,0.8,0.8,0.8,public,free,public-free,public|free,public|free,0,0,0,3,0,0,1,1,0,0,public-free,public-free,public-free,public-free,public-free,public-free,public-free,public-free,public-free,135588.21,SAR,,,,,no PIP survey 2013-2023
qs2027_overall,SGP,Singapore,4,4,1.00,0.0,0.0,0.0,public,moderate,public-moderate,public|moderate_or_high,public|moderate_or_high,4,1,4,1,0,3,0,3,3,0,public-moderate,public-moderate,public-low_moderate,public-moderate,public-moderate,public-low_moderate,public-moderate,public-moderate,public-moderate,115991.69,SGD,,,,,no PIP survey 2013-2023
qs2027_overall,SVN,Slovenia,3,3,1.00,1.0,1.0,1.0,public,free,public-free,public|free,public|free,0,3,0,0,3,0,1,1,0,0,public-free,public-free,public-free,public-free,public-free,public-free,public-free,public-free,public-free,30205.70,EUR,24.7,2023,income,national,
qs2027_overall,SWE,Sweden,5,5,1.00,1.0,1.0,1.0,public,free,public-free,public|free,public|free,0,0,0,0,0,0,1,5,0,0,public-free,public-free,public-free,public-free,public-free,public-free,public-free,public-free,public-free,583031.37,SEK,29.3,2023,income,national,
qs2027_overall,THA,Thailand,5,5,1.00,0.0,0.0,0.0,public,moderate,public-moderate,public|moderate_or_high,public|moderate_or_high,1,1,5,1,0,0,0,4,4,0,public-moderate,public-moderate,public-moderate,public-moderate,public-moderate,public-moderate,public-high,public-moderate,public-moderate,250942.62,THB,33.5,2023,consumption,national,
qs2027_overall,TUR,Turkey,5,5,0.60,0.6,0.6,0.6,mixed,free,mixed-free,public|free,public|free,0,5,0,4,0,0,2,1,0,0,public-free,mixed-free,mixed-free,mixed-free,public-free,mixed-free,mixed-free,mixed-free,mixed-free,317505.57,TRY,43.7,2023,income,national,
qs2027_overall,TWN,Taiwan,5,5,1.00,0.0,0.0,0.0,public,low_moderate,public-low_moderate,public|low_to_low_moderate,public|low_to_low_moderate,5,0,1,4,0,5,4,1,4,0,public-low_moderate,public-low_moderate,public-low_moderate,public-low_moderate,public-low_moderate,public-low,public-low_moderate,public-low_moderate,public-low_moderate,1010938.95,TWD,31.6,2021,income,national,
qs2027_overall,UKR,Ukraine,9,9,1.00,0.0,0.0,0.0,public,moderate,public-moderate,public|moderate_or_high,public|moderate_or_high,0,9,0,0,9,0,9,9,6,0,public-high,public-moderate,public-moderate,public-moderate,public-moderate,public-moderate,public-high,public-free,public-free,187974.69,UAH,25.6,2020,consumption,national,
qs2027_overall,URY,Uruguay,4,1,0.25,1.0,1.0,0.25,private,incomplete(free..high),private-incomplete(free..high),public|free,public|free,0,1,3,1,0,0,0,3,0,3,public-free,mixed-incomplete(free..high),private-incomplete(free..high),private-incomplete(free..high),public-free,private-incomplete(free..high),private-incomplete(free..high),private-incomplete(free..high),private-incomplete(free..high),,UYU,40.9,2023,income,national,
qs2027_overall,USA,United States,5,5,0.00,0.0,0.0,0.0,private,high,private-high,private_not_govt_dependent|moderate_or_high,private_not_govt_dependent|moderate_or_high,5,0,5,0,0,5,0,5,0,0,private-high,private-high,private-high,private-high,private-high,private-high,private-high,private-high,private-high,82586.78,USD,41.8,2023,income,national,
qs2027_overall,ZAF,South Africa,5,5,1.00,0.0,0.0,0.0,public,high,public-high,public|moderate_or_high,public|moderate_or_high,5,5,3,0,0,0,2,5,1,1,public-high,public-high,public-high,public-high,public-high,public-high,public-high,public-high,public-high,111333.79,ZAR,54.0,2022,consumption,national,
qs2027_ar,ARG,Argentina,5,4,0.60,0.75,0.75,0.6,mixed,free,mixed-free,public|free,public|free,0,3,2,3,0,0,0,2,1,2,public-free,public-free,mixed-free,mixed-free,public-free,mixed-free,mixed-free,mixed-free,mixed-free,4225186.74,ARS,42.4,2023,income,urban,non-national coverage
qs2027_ar,AUS,Australia,5,5,1.00,0.0,0.0,0.0,public,moderate,public-moderate,public|moderate_or_high,public|moderate_or_high,0,5,0,5,0,0,1,0,5,0,public-moderate,public-moderate,public-low_moderate,public-moderate,public-moderate,public-low,public-moderate,public-moderate,public-moderate,96662.44,AUD,33.8,2020,income,national,
qs2027_ar,AUT,Austria,5,5,1.00,1.0,1.0,1.0,public,free,public-free,public|free,public|free,0,5,0,1,5,0,5,4,0,0,public-free,public-free,public-free,public-free,public-free,public-free,public-free,public-free,public-free,52326.96,EUR,31.2,2023,income,national,
qs2027_ar,BEL,Belgium,5,5,0.40,0.0,1.0,0.4,mixed,low,mixed-low,private_govt_dependent|low_to_low_moderate,private_govt_dependent|low_to_low_moderate,5,5,1,5,0,0,4,0,0,0,private-low,mixed-low,mixed-free,public-low,private-low,mixed-low,mixed-low,mixed-low,mixed-low,51092.47,EUR,26.8,2023,income,national,
qs2027_ar,BRA,Brazil,5,5,1.00,1.0,1.0,1.0,public,free,public-free,public|free,public|free,0,2,0,4,0,1,0,1,0,0,public-free,public-free,public-free,public-free,public-free,public-free,public-free,public-free,public-free,51829.62,BRL,51.5,2023,income,national,
qs2027_ar,CAN,Canada,5,5,0.80,0.0,0.0,0.0,public,moderate,public-moderate,public|moderate_or_high,public|moderate_or_high,5,5,5,1,0,0,0,4,1,1,public-moderate,mixed-moderate,public-low_moderate,public-moderate,public-moderate,public-low_moderate,public-moderate,public-moderate,public-moderate,74039.16,CAD,31.5,2022,income,national,
qs2027_ar,CHE,Switzerland,5,5,1.00,0.0,1.0,1.0,public,low,public-low,public|low_to_low_moderate,public|low_to_low_moderate,0,5,2,5,5,0,3,0,0,0,public-low,public-low,public-free,public-low,public-low,public-low,public-low,public-low,public-low,93847.06,CHF,33.5,2023,income,national,
qs2027_ar,CHL,Chile,5,5,0.40,0.0,0.0,0.0,mixed,high,mixed-high,private_govt_dependent|moderate_or_high,private_govt_dependent|moderate_or_high,5,0,5,3,0,5,0,2,5,0,private-high,mixed-high,mixed-high,public-high,mixed-high,mixed-moderate,mixed-high,mixed-high,mixed-high,14349611.56,CLP,43.2,2022,income,national,
qs2027_ar,CHN,China,5,5,1.00,0.0,0.0,0.0,public,low_moderate,public-low_moderate,public|low_to_low_moderate,public|low_to_low_moderate,0,5,1,3,5,0,4,2,2,0,public-low_moderate,public-low_moderate,public-low_moderate,public-low_moderate,public-low_moderate,public-low_moderate,public-low_moderate,public-low_moderate,public-low_moderate,91746.12,CNY,36.0,2022,consumption,national,
qs2027_ar,COL,Colombia,5,5,0.40,0.0,0.0,0.0,mixed,high,mixed-high,private_not_govt_dependent|moderate_or_high,public|moderate_or_high,2,0,4,1,3,5,1,4,1,0,private-high,mixed-high,mixed-high,mixed-high,mixed-high,mixed-high,mixed-high,mixed-high,mixed-high,30335723.49,COP,54.6,2023,income,national,
qs2027_ar,CZE,Czechia,5,5,1.00,1.0,1.0,1.0,public,free,public-free,public|free,public|free,0,5,0,0,0,0,0,4,0,0,public-free,public-free,public-free,public-free,public-free,public-free,public-free,public-free,public-free,705046.52,CZK,25.7,2023,income,national,
qs2027_ar,DEU,Germany,5,5,1.00,0.6,1.0,1.0,public,free,public-free,public|free,public|free,0,5,0,0,3,0,1,5,0,0,public-free,public-free,public-free,public-free,public-free,public-free,public-free,public-free,public-free,50659.72,EUR,33.7,2022,income,national,
qs2027_ar,DNK,Denmark,5,5,1.00,1.0,1.0,1.0,public,free,public-free,public|free,public|free,0,5,0,0,0,0,0,5,0,0,public-free,public-free,public-free,public-free,public-free,public-free,public-free,public-free,public-free,468799.80,DKK,29.9,2023,income,national,
qs2027_ar,ECU,Ecuador,5,5,0.40,0.4,0.4,0.4,mixed,high,mixed-high,private_not_govt_dependent|moderate_or_high / public|free,private_govt_dependent|moderate_or_high,1,1,3,2,2,4,0,3,0,0,private-high,mixed-high,mixed-high,mixed-high,private-high,mixed-high,mixed-high,mixed-high,mixed-high,6718.14,USD,44.6,2023,income,national,
qs2027_ar,EGY,Egypt,5,4,0.60,0.0,0.25,0.2,mixed,incomplete(low_moderate..high),mixed-incomplete(low_moderate..high),private_not_govt_dependent|moderate_or_high / public|low_to_low_moderate,public|low_to_low_moderate,3,0,1,0,2,5,4,5,1,4,public-low_moderate,mixed-incomplete(low_moderate..high),mixed-incomplete(low_moderate..high),mixed-incomplete(low_moderate..high),public-incomplete(low..low_moderate),mixed-incomplete(low..high),mixed-incomplete(low_moderate..high),mixed-incomplete(low_moderate..high),mixed-incomplete(low_moderate..high),88665.75,EGP,28.5,2021,consumption,national,
qs2027_ar,ESP,Spain,5,5,1.00,0.0,1.0,1.0,public,low,public-low,public|low_to_low_moderate,public|low_to_low_moderate,5,5,5,1,0,0,0,4,0,0,public-low,public-low,public-low,public-low,public-low,public-low,public-low,public-low,public-low,30975.86,EUR,33.4,2023,income,national,
qs2027_ar,EST,Estonia,4,4,1.00,1.0,1.0,1.0,public,free,public-free,public|free,public|free,0,4,0,0,0,0,0,0,0,0,public-free,public-free,public-free,public-free,public-free,public-free,public-free,public-free,public-free,27989.35,EUR,30.7,2023,income,national,
qs2027_ar,FIN,Finland,5,5,0.60,1.0,1.0,0.6,mixed,free,mixed-free,public|free,public|free,0,5,0,0,0,0,5,5,0,0,public-free,mixed-free,mixed-free,public-free,mixed-free,mixed-free,mixed-free,mixed-free,mixed-free,48891.36,EUR,27.4,2023,income,national,
qs2027_ar,FRA,France,5,5,1.00,0.6,0.8,0.8,public,free,public-free,public|free,public|free,4,4,1,0,0,0,4,5,1,1,public-free,public-free,public-free,public-free,public-free,public-free,public-free,public-free,public-free,41340.46,EUR,31.8,2023,income,national,
qs2027_ar,GBR,United Kingdom,5,5,0.00,0.2,0.2,0.0,private,moderate,private-moderate,private_not_govt_dependent|moderate_or_high,private_not_govt_dependent|moderate_or_high,0,1,0,5,0,0,0,0,0,0,private-moderate,private-moderate,private-moderate,private-moderate,private-moderate,private-moderate,private-moderate,private-moderate,private-moderate,40162.33,GBP,32.4,2021,income,national,
qs2027_ar,GRC,Greece,5,5,1.00,1.0,1.0,1.0,public,free,public-free,public|free,public|free,0,5,0,5,0,0,0,0,0,0,public-free,public-free,public-free,public-free,public-free,public-free,public-free,public-free,public-free,21589.19,EUR,33.4,2023,income,national,
qs2027_ar,HKG,Hong Kong,5,5,1.00,0.0,0.0,0.0,public,moderate,public-moderate,public|moderate_or_high,public|moderate_or_high,5,5,2,1,0,0,3,4,0,0,public-moderate,public-moderate,public-low_moderate,public-moderate,public-moderate,public-moderate,public-moderate,public-moderate,public-moderate,395590.56,HKD,,,,,no PIP survey 2013-2023
qs2027_ar,HRV,Croatia,4,4,1.00,1.0,1.0,1.0,public,free,public-free,public|free,public|free,0,4,0,3,4,0,4,1,0,0,public-free,public-free,public-free,public-free,public-free,public-free,public-free,public-free,public-free,20516.18,EUR,30.1,2023,income,national,
qs2027_ar,HUN,Hungary,5,5,0.40,0.0,0.0,0.0,mixed,moderate,mixed-moderate,private_govt_dependent|moderate_or_high,private_govt_dependent|moderate_or_high,0,5,5,0,0,0,0,5,5,0,public-moderate,mixed-moderate,mixed-moderate,public-moderate,mixed-moderate,mixed-low,mixed-high,mixed-free,mixed-moderate,7841615.56,HUF,30.6,2017,income,national,
qs2027_ar,IDN,Indonesia,5,5,1.00,0.0,0.0,0.0,public,high,public-high,public|moderate_or_high,public|moderate_or_high,5,5,4,0,0,0,1,5,5,0,public-high,public-high,public-high,public-high,public-high,public-free,public-high,public-high,public-high,74299609.95,IDR,36.1,2023,consumption,national,
qs2027_ar,IND,India,5,5,1.00,0.0,0.0,0.0,public,high,public-high,public|moderate_or_high,public|moderate_or_high,4,5,4,3,0,0,0,1,1,0,public-high,public-high,public-high,public-high,public-high,public-high,public-high,public-high,public-high,201547.33,INR,23.0,2023,consumption,national,
qs2027_ar,IRL,Ireland,5,5,1.00,0.0,1.0,1.0,public,low,public-low,public|low_to_low_moderate,public|low_to_low_moderate,5,5,0,0,0,0,5,5,0,0,public-low,public-low,public-free,public-low,public-low,public-low,public-low,public-low,public-low,98790.36,EUR,29.0,2023,income,national,
qs2027_ar,ISR,Israel,5,5,0.00,0.0,0.0,0.0,private,low_moderate,private-low_moderate,private_govt_dependent|low_to_low_moderate,private_govt_dependent|low_to_low_moderate,0,0,4,0,5,5,1,5,0,0,private-low_moderate,private-low_moderate,private-low_moderate,public-low_moderate,private-low_moderate,private-low_moderate,private-low_moderate,private-low_moderate,private-low_moderate,191167.22,ILS,38.3,2022,income,national,
qs2027_ar,ITA,Italy,5,5,1.00,0.0,0.0,0.0,public,moderate,public-moderate,public|moderate_or_high,public|low_to_low_moderate,5,5,5,1,0,0,0,4,5,0,public-low_moderate,public-moderate,public-low_moderate,public-moderate,public-low_moderate,public-free,public-moderate,public-moderate,public-moderate,36327.42,EUR,34.3,2023,income,national,
qs2027_ar,JPN,Japan,5,5,1.00,0.0,0.0,0.0,public,moderate,public-moderate,public|moderate_or_high,public|moderate_or_high,5,5,2,2,0,0,1,3,0,0,public-moderate,public-moderate,public-low_moderate,public-moderate,public-moderate,public-moderate,public-moderate,public-moderate,public-moderate,4947394.59,JPY,32.3,2020,income,national,
qs2027_ar,KOR,South Korea,5,5,0.40,0.2,0.2,0.2,mixed,moderate,mixed-moderate,private_not_govt_dependent|moderate_or_high,private_not_govt_dependent|moderate_or_high,4,0,4,0,0,5,0,5,2,1,public-moderate,mixed-moderate,mixed-moderate,mixed-moderate,private-moderate,mixed-moderate,mixed-moderate,mixed-moderate,mixed-moderate,46578329.36,KRW,32.9,2021,income,national,
qs2027_ar,LTU,Lithuania,5,5,1.00,0.0,0.0,0.0,public,moderate,public-moderate,public|moderate_or_high,public|moderate_or_high,0,5,3,2,0,0,2,3,4,0,public-moderate,public-moderate,public-moderate,public-moderate,public-moderate,public-moderate,public-high,public-free,public-free,25880.12,EUR,36.0,2023,income,national,
qs2027_ar,MEX,Mexico,5,5,0.80,0.8,0.8,0.8,public,free,public-free,public|free,public|free,0,4,1,2,0,0,0,3,0,0,public-free,mixed-free,public-free,public-free,public-free,public-free,public-free,public-free,public-free,245618.04,MXN,43.5,2022,income,national,
qs2027_ar,MYS,Malaysia,5,5,1.00,0.0,0.6,0.6,public,low,public-low,public|low_to_low_moderate,public|low_to_low_moderate,5,0,4,3,0,5,1,2,4,1,public-low_moderate,public-low_moderate,public-low,public-low,public-low,public-low,public-low_moderate,public-low,public-low,51927.43,MYR,40.7,2021,income,national,
qs2027_ar,NGA,Nigeria,5,4,1.00,0.0,0.0,0.0,public,low_moderate,public-low_moderate,public|low_to_low_moderate,,0,0,0,0,5,5,5,5,3,2,public-moderate,public-low_moderate,public-low_moderate,public-low_moderate,not_computable(no enrolment: NGA-ABU),public-low_moderate,public-incomplete(low_moderate..moderate),public-low_moderate,public-low_moderate,1378003.90,NGN,33.9,2022,consumption,national,
qs2027_ar,NLD,Netherlands,5,5,1.00,0.0,0.2,0.2,public,low_moderate,public-low_moderate,public|low_to_low_moderate,public|low_to_low_moderate,0,5,0,0,0,0,5,5,4,0,public-low_moderate,public-low_moderate,public-low_moderate,public-low_moderate,public-low_moderate,public-low,public-low_moderate,public-low_moderate,public-low_moderate,58741.74,EUR,25.7,2021,income,national,
qs2027_ar,NOR,Norway,5,5,1.00,1.0,1.0,1.0,public,free,public-free,public|free,public|free,0,0,0,0,0,0,0,5,0,0,public-free,public-free,public-free,public-free,public-free,public-free,public-free,public-free,public-free,961098.64,NOK,26.5,2023,income,national,
qs2027_ar,NZL,New Zealand,5,5,1.00,0.0,0.0,0.0,public,moderate,public-moderate,public|moderate_or_high,public|moderate_or_high,0,5,1,0,0,0,4,5,5,1,public-moderate,public-moderate,public-low_moderate,public-moderate,public-moderate,public-low_moderate,public-moderate,public-moderate,public-moderate,80285.58,NZD,,,,,no PIP survey 2013-2023
qs2027_ar,PAK,Pakistan,5,4,0.60,0.0,0.0,0.0,mixed,high,mixed-high,public|moderate_or_high,,3,3,2,0,2,2,3,5,0,1,public-high,mixed-high,mixed-incomplete(moderate..high),mixed-high,not_computable(no enrolment: PAK-NUST PAK-QIA PAK-LUMS PAK-PU PAK-UOL),mixed-high,mixed-high,mixed-high,mixed-high,337977.01,PKR,29.6,2018,consumption,national,
qs2027_ar,PER,Peru,5,5,0.20,0.2,0.2,0.2,private,high,private-high,private_not_govt_dependent|moderate_or_high,private_not_govt_dependent|moderate_or_high,4,5,4,0,1,0,1,5,0,0,private-high,mixed-high,private-high,private-high,private-high,private-high,private-high,private-high,private-high,29647.53,PEN,40.7,2023,income,national,
qs2027_ar,POL,Poland,5,5,1.00,1.0,1.0,1.0,public,free,public-free,public|free,public|free,0,5,0,2,0,0,0,3,0,0,public-free,public-free,public-free,public-free,public-free,public-free,public-free,public-free,public-free,93091.32,PLN,28.5,2023,income,national,
qs2027_ar,PRT,Portugal,5,5,1.00,0.0,1.0,1.0,public,low,public-low,public|low_to_low_moderate,public|low_to_low_moderate,5,5,2,2,0,0,3,3,0,0,public-low,public-low,public-low,public-low,public-low,public-low,public-low,public-low,public-low,25557.59,EUR,33.9,2023,income,national,
qs2027_ar,PRY,Paraguay,1,1,1.00,0.0,1.0,1.0,public,low,public-low,public|low_to_low_moderate,public|low_to_low_moderate,1,0,1,0,0,1,0,1,0,1,public-low,public-low,public-low,public-low,public-low,public-low,public-low,public-low,public-low,45943691.74,PYG,44.2,2023,income,national,
qs2027_ar,ROU,Romania,5,5,1.00,0.0,0.2,0.2,public,low_moderate,public-low_moderate,public|low_to_low_moderate,public|low_to_low_moderate,0,5,0,0,5,0,5,5,4,0,public-low_moderate,public-low_moderate,public-low_moderate,public-low_moderate,public-low_moderate,public-low,public-low_moderate,public-free,public-low_moderate,83455.44,RON,29.8,2023,income,national,
qs2027_ar,SAU,Saudi Arabia,5,5,1.00,1.0,1.0,1.0,public,free,public-free,public|free,public|free,0,0,0,3,0,0,0,2,0,0,public-free,public-free,public-free,public-free,public-free,public-free,public-free,public-free,public-free,135588.21,SAR,,,,,no PIP survey 2013-2023
qs2027_ar,SGP,Singapore,4,4,1.00,0.0,0.0,0.0,public,moderate,public-moderate,public|moderate_or_high,public|moderate_or_high,4,1,4,1,0,3,0,3,3,0,public-moderate,public-moderate,public-low_moderate,public-moderate,public-moderate,public-low_moderate,public-moderate,public-moderate,public-moderate,115991.69,SGD,,,,,no PIP survey 2013-2023
qs2027_ar,SVN,Slovenia,3,3,1.00,1.0,1.0,1.0,public,free,public-free,public|free,public|free,0,3,0,0,3,0,1,1,0,0,public-free,public-free,public-free,public-free,public-free,public-free,public-free,public-free,public-free,30205.70,EUR,24.7,2023,income,national,
qs2027_ar,SWE,Sweden,5,5,1.00,1.0,1.0,1.0,public,free,public-free,public|free,public|free,0,0,0,0,0,0,0,5,0,0,public-free,public-free,public-free,public-free,public-free,public-free,public-free,public-free,public-free,583031.37,SEK,29.3,2023,income,national,
qs2027_ar,THA,Thailand,5,5,1.00,0.0,0.0,0.0,public,moderate,public-moderate,public|moderate_or_high,public|moderate_or_high,1,1,5,1,0,0,0,4,4,0,public-moderate,public-moderate,public-moderate,public-moderate,public-moderate,public-moderate,public-high,public-moderate,public-moderate,250942.62,THB,33.5,2023,consumption,national,
qs2027_ar,TUR,Turkey,5,5,0.60,0.6,0.6,0.6,mixed,free,mixed-free,public|free,public|free,0,5,1,4,0,0,1,1,0,0,public-free,public-free,mixed-free,mixed-free,public-free,mixed-free,mixed-free,mixed-free,mixed-free,317505.57,TRY,43.7,2023,income,national,
qs2027_ar,TWN,Taiwan,5,5,1.00,0.0,0.0,0.0,public,low_moderate,public-low_moderate,public|low_to_low_moderate,public|low_to_low_moderate,5,0,1,4,0,5,3,1,4,0,public-low_moderate,public-low_moderate,public-low_moderate,public-low_moderate,public-low_moderate,public-low,public-low_moderate,public-low_moderate,public-low_moderate,1010938.95,TWD,31.6,2021,income,national,
qs2027_ar,UKR,Ukraine,5,5,1.00,0.0,0.0,0.0,public,moderate,public-moderate,public|moderate_or_high,public|moderate_or_high,0,5,0,0,5,0,5,5,4,0,public-high,public-moderate,public-moderate,public-moderate,public-moderate,public-moderate,public-high,public-free,public-free,187974.69,UAH,25.6,2020,consumption,national,
qs2027_ar,URY,Uruguay,4,1,0.25,1.0,1.0,0.25,private,incomplete(free..high),private-incomplete(free..high),public|free,public|free,0,1,3,1,0,0,0,3,0,3,public-free,mixed-incomplete(free..high),private-incomplete(free..high),private-incomplete(free..high),public-free,private-incomplete(free..high),private-incomplete(free..high),private-incomplete(free..high),private-incomplete(free..high),,UYU,40.9,2023,income,national,
qs2027_ar,USA,United States,7,7,0.29,0.0,0.0,0.0,private,high,private-high,private_not_govt_dependent|moderate_or_high,public|moderate_or_high,7,0,7,0,0,7,0,7,0,0,private-high,private-high,private-high,private-high,mixed-moderate,private-high,private-high,private-high,private-high,82586.78,USD,41.8,2023,income,national,
qs2027_ar,ZAF,South Africa,5,5,1.00,0.0,0.0,0.0,public,high,public-high,public|moderate_or_high,public|moderate_or_high,5,5,3,0,0,0,2,5,1,1,public-high,public-high,public-high,public-high,public-high,public-high,public-high,public-high,public-high,111333.79,ZAR,54.0,2022,consumption,national,
qs2024,ARG,Argentina,5,4,0.40,0.5,0.5,0.4,mixed,incomplete(free..moderate),mixed-incomplete(free..moderate),private_not_govt_dependent|moderate_or_high / public|free,public|free,0,2,2,2,0,0,0,2,2,3,public-free,mixed-incomplete(free..high),mixed-incomplete(free..moderate),mixed-incomplete(free..moderate),public-free,mixed-incomplete(free..moderate),mixed-incomplete(free..high),mixed-incomplete(free..moderate),mixed-incomplete(free..moderate),4225186.74,ARS,42.4,2023,income,urban,non-national coverage
qs2024,AUS,Australia,5,5,1.00,0.0,0.0,0.0,public,moderate,public-moderate,public|moderate_or_high,public|moderate_or_high,0,5,0,5,0,0,1,0,5,0,public-moderate,public-moderate,public-low_moderate,public-moderate,public-moderate,public-low,public-moderate,public-moderate,public-moderate,96662.44,AUD,33.8,2020,income,national,
qs2024,AUT,Austria,5,5,1.00,1.0,1.0,1.0,public,free,public-free,public|free,public|free,0,5,0,1,5,0,5,4,0,0,public-free,public-free,public-free,public-free,public-free,public-free,public-free,public-free,public-free,52326.96,EUR,31.2,2023,income,national,
qs2024,BEL,Belgium,5,5,0.40,0.0,1.0,0.4,mixed,low,mixed-low,private_govt_dependent|low_to_low_moderate,private_govt_dependent|low_to_low_moderate,5,5,1,5,0,0,4,0,0,0,private-low,mixed-low,mixed-free,public-low,private-low,mixed-low,mixed-low,mixed-low,mixed-low,51092.47,EUR,26.8,2023,income,national,
qs2024,BRA,Brazil,5,5,0.80,0.8,0.8,0.8,public,free,public-free,public|free,public|free,1,1,1,3,0,2,0,2,0,0,public-free,public-free,public-free,public-free,public-free,public-free,public-free,public-free,public-free,51829.62,BRL,51.5,2023,income,national,
qs2024,CAN,Canada,5,5,0.80,0.0,0.0,0.0,public,moderate,public-moderate,public|moderate_or_high,public|moderate_or_high,5,5,5,1,0,0,0,4,2,1,public-moderate,mixed-moderate,public-low_moderate,public-moderate,public-moderate,public-low_moderate,public-moderate,public-moderate,public-moderate,74039.16,CAD,31.5,2022,income,national,
qs2024,CHE,Switzerland,5,5,1.00,0.0,1.0,1.0,public,low,public-low,public|low_to_low_moderate,public|low_to_low_moderate,0,5,1,4,5,0,3,0,0,0,public-low,public-low,public-free,public-low,public-low,public-low,public-low,public-low,public-low,93847.06,CHF,33.5,2023,income,national,
qs2024,CHL,Chile,5,5,0.40,0.0,0.0,0.0,mixed,high,mixed-high,private_govt_dependent|moderate_or_high / public|moderate_or_high,public|moderate_or_high,5,0,5,2,0,5,0,3,4,0,private-high,mixed-high,mixed-high,public-high,mixed-high,mixed-moderate,mixed-high,mixed-high,mixed-high,14349611.56,CLP,43.2,2022,income,national,
qs2024,CHN,China,5,5,1.00,0.0,0.0,0.0,public,low_moderate,public-low_moderate,public|low_to_low_moderate,public|low_to_low_moderate,0,5,1,3,5,0,4,2,2,0,public-low_moderate,public-low_moderate,public-low_moderate,public-low_moderate,public-low_moderate,public-low_moderate,public-low_moderate,public-low_moderate,public-low_moderate,91746.12,CNY,36.0,2022,consumption,national,
qs2024,COL,Colombia,5,5,0.40,0.0,0.0,0.0,mixed,high,mixed-high,private_not_govt_dependent|moderate_or_high,public|moderate_or_high,2,0,4,1,3,5,1,4,1,0,private-high,mixed-high,mixed-high,mixed-high,mixed-high,mixed-high,mixed-high,mixed-high,mixed-high,30335723.49,COP,54.6,2023,income,national,
qs2024,CZE,Czechia,5,5,1.00,1.0,1.0,1.0,public,free,public-free,public|free,public|free,0,5,0,0,0,0,0,4,0,0,public-free,public-free,public-free,public-free,public-free,public-free,public-free,public-free,public-free,705046.52,CZK,25.7,2023,income,national,
qs2024,DEU,Germany,5,5,1.00,0.6,1.0,1.0,public,free,public-free,public|free,public|free,0,5,0,0,3,0,1,5,0,0,public-free,public-free,public-free,public-free,public-free,public-free,public-free,public-free,public-free,50659.72,EUR,33.7,2022,income,national,
qs2024,DNK,Denmark,5,5,1.00,1.0,1.0,1.0,public,free,public-free,public|free,public|free,0,5,0,0,0,0,0,5,0,0,public-free,public-free,public-free,public-free,public-free,public-free,public-free,public-free,public-free,468799.80,DKK,29.9,2023,income,national,
qs2024,ECU,Ecuador,7,7,0.57,0.5714,0.5714,0.57,mixed,free,mixed-free,public|free,,1,1,3,3,2,6,0,4,0,0,private-high,mixed-high,mixed-free,public-free,not_computable(no enrolment: ECU-UCE),mixed-free,mixed-free,mixed-free,mixed-free,6718.14,USD,44.6,2023,income,national,
qs2024,EGY,Egypt,8,5,0.75,0.0,0.2,0.12,public,incomplete(low..high),public-incomplete(low..high),private_not_govt_dependent|moderate_or_high / public|low_to_low_moderate,public|low_to_low_moderate,5,0,1,0,3,8,5,6,1,5,public-low_moderate,mixed-incomplete(low_moderate..high),public-incomplete(low..high),public-incomplete(low..high),public-incomplete(free..high),public-incomplete(low..high),public-incomplete(low..high),public-incomplete(low..high),public-incomplete(low..high),88665.75,EGP,28.5,2021,consumption,national,
qs2024,ESP,Spain,5,5,0.80,0.0,0.8,0.8,public,low,public-low,public|low_to_low_moderate,public|low_to_low_moderate,5,5,5,0,0,0,0,5,0,0,public-low,public-low,public-low,public-low,public-low,public-low,public-low,public-low,public-low,30975.86,EUR,33.4,2023,income,national,
qs2024,EST,Estonia,3,3,1.00,1.0,1.0,1.0,public,free,public-free,public|free,public|free,0,3,0,0,0,0,0,0,0,0,public-free,public-free,public-free,public-free,public-free,public-free,public-free,public-free,public-free,27989.35,EUR,30.7,2023,income,national,
qs2024,FIN,Finland,5,5,0.80,1.0,1.0,0.8,public,free,public-free,public|free,public|free,0,5,0,0,0,0,5,5,0,0,private-free,mixed-free,public-free,public-free,public-free,public-free,public-free,public-free,public-free,48891.36,EUR,27.4,2023,income,national,
qs2024,FRA,France,5,5,1.00,0.6,0.8,0.8,public,free,public-free,public|free,public|free,4,4,1,0,0,0,4,5,1,1,public-low,public-low,public-free,public-free,public-free,public-free,public-free,public-free,public-free,41340.46,EUR,31.8,2023,income,national,
qs2024,GBR,United Kingdom,5,5,0.00,0.2,0.2,0.0,private,moderate,private-moderate,private_not_govt_dependent|moderate_or_high,private_not_govt_dependent|moderate_or_high,0,1,0,5,0,0,0,0,0,0,private-moderate,private-moderate,private-moderate,private-moderate,private-moderate,private-moderate,private-moderate,private-moderate,private-moderate,40162.33,GBP,32.4,2021,income,national,
qs2024,GRC,Greece,5,5,1.00,1.0,1.0,1.0,public,free,public-free,public|free,public|free,0,5,0,5,0,0,0,0,0,0,public-free,public-free,public-free,public-free,public-free,public-free,public-free,public-free,public-free,21589.19,EUR,33.4,2023,income,national,
qs2024,HKG,Hong Kong,5,5,1.00,0.0,0.0,0.0,public,moderate,public-moderate,public|moderate_or_high,public|moderate_or_high,5,5,2,1,0,0,3,4,0,0,public-moderate,public-moderate,public-low_moderate,public-moderate,public-moderate,public-moderate,public-moderate,public-moderate,public-moderate,395590.56,HKD,,,,,no PIP survey 2013-2023
qs2024,HRV,Croatia,4,4,1.00,1.0,1.0,1.0,public,free,public-free,public|free,public|free,0,4,0,3,4,0,4,1,0,0,public-free,public-free,public-free,public-free,public-free,public-free,public-free,public-free,public-free,20516.18,EUR,30.1,2023,income,national,
qs2024,HUN,Hungary,5,5,0.40,0.0,0.0,0.0,mixed,moderate,mixed-moderate,private_govt_dependent|moderate_or_high,private_govt_dependent|moderate_or_high,0,5,5,0,0,0,0,5,5,0,private-moderate,mixed-moderate,mixed-moderate,public-moderate,mixed-moderate,mixed-low,mixed-high,mixed-free,mixed-moderate,7841615.56,HUF,30.6,2017,income,national,
qs2024,IDN,Indonesia,5,5,1.00,0.0,0.0,0.0,public,high,public-high,public|moderate_or_high,public|moderate_or_high,5,5,4,0,0,0,1,5,5,0,public-high,public-high,public-high,public-high,public-high,public-free,public-high,public-high,public-high,74299609.95,IDR,36.1,2023,consumption,national,
qs2024,IND,India,5,5,1.00,0.0,0.0,0.0,public,high,public-high,public|moderate_or_high,public|moderate_or_high,4,5,4,2,0,0,0,2,1,0,public-high,public-high,public-high,public-high,public-high,public-high,public-high,public-high,public-high,201547.33,INR,23.0,2023,consumption,national,
qs2024,IRL,Ireland,5,5,1.00,0.0,1.0,1.0,public,low,public-low,public|low_to_low_moderate,public|low_to_low_moderate,5,5,0,0,0,0,5,5,0,0,public-low,public-low,public-free,public-low,public-low,public-low,public-low,public-low,public-low,98790.36,EUR,29.0,2023,income,national,
qs2024,ISR,Israel,5,5,0.00,0.0,0.0,0.0,private,low_moderate,private-low_moderate,private_govt_dependent|low_to_low_moderate,private_govt_dependent|low_to_low_moderate,0,0,3,0,5,5,2,5,0,0,private-low_moderate,private-low_moderate,private-low_moderate,public-low_moderate,private-low_moderate,private-low_moderate,private-low_moderate,private-low_moderate,private-low_moderate,191167.22,ILS,38.3,2022,income,national,
qs2024,ITA,Italy,5,5,1.00,0.0,0.0,0.0,public,low_moderate,public-low_moderate,public|low_to_low_moderate,public|low_to_low_moderate,5,5,5,0,0,0,0,5,5,0,public-moderate,public-moderate,public-low_moderate,public-low_moderate,public-low_moderate,public-free,public-low_moderate,public-low_moderate,public-low_moderate,36327.42,EUR,34.3,2023,income,national,
qs2024,JPN,Japan,5,5,1.00,0.0,0.0,0.0,public,moderate,public-moderate,public|moderate_or_high,public|moderate_or_high,5,5,2,2,0,0,1,3,0,0,public-moderate,public-moderate,public-low_moderate,public-moderate,public-moderate,public-moderate,public-moderate,public-moderate,public-moderate,4947394.59,JPY,32.3,2020,income,national,
qs2024,KOR,South Korea,5,5,0.40,0.4,0.4,0.2,mixed,moderate,mixed-moderate,private_not_govt_dependent|moderate_or_high,private_not_govt_dependent|moderate_or_high,3,0,3,0,0,5,0,5,2,0,public-moderate,mixed-moderate,mixed-moderate,mixed-moderate,mixed-moderate,mixed-moderate,mixed-moderate,mixed-moderate,mixed-moderate,46578329.36,KRW,32.9,2021,income,national,
qs2024,LTU,Lithuania,5,5,1.00,0.0,0.0,0.0,public,moderate,public-moderate,public|moderate_or_high,public|moderate_or_high,0,5,3,2,0,0,2,3,4,0,public-moderate,public-moderate,public-moderate,public-moderate,public-moderate,public-moderate,public-high,public-free,public-free,25880.12,EUR,36.0,2023,income,national,
qs2024,MEX,Mexico,5,5,0.40,0.4,0.4,0.4,mixed,high,mixed-high,private_not_govt_dependent|moderate_or_high,public|free,0,1,3,2,0,1,0,3,0,2,public-free,mixed-high,mixed-high,mixed-high,public-free,mixed-high,mixed-high,mixed-high,mixed-high,245618.04,MXN,43.5,2022,income,national,
qs2024,MYS,Malaysia,5,5,1.00,0.0,0.6,0.6,public,low,public-low,public|low_to_low_moderate,public|low_to_low_moderate,5,0,4,3,0,5,1,2,4,1,public-low_moderate,public-low,public-low,public-low,public-low,public-low,public-low_moderate,public-low,public-low,51927.43,MYR,40.7,2021,income,national,
qs2024,NGA,Nigeria,2,2,1.00,0.0,0.0,0.0,public,low_moderate,public-low_moderate,public|low_to_low_moderate / public|moderate_or_high,public|low_to_low_moderate,0,0,0,0,2,2,2,2,2,1,public-moderate,public-low_moderate,public-low_moderate,public-low_moderate,public-low_moderate,public-low_moderate,public-moderate,public-low_moderate,public-low_moderate,1378003.90,NGN,33.9,2022,consumption,national,
qs2024,NLD,Netherlands,5,5,1.00,0.0,0.4,0.4,public,low_moderate,public-low_moderate,public|low_to_low_moderate,public|low_to_low_moderate,0,5,0,0,0,0,5,5,3,0,public-low,public-low_moderate,public-low_moderate,public-low_moderate,public-low_moderate,public-low,public-low_moderate,public-low_moderate,public-low_moderate,58741.74,EUR,25.7,2021,income,national,
qs2024,NOR,Norway,5,5,1.00,1.0,1.0,1.0,public,free,public-free,public|free,public|free,0,0,0,0,0,0,0,5,0,0,public-free,public-free,public-free,public-free,public-free,public-free,public-free,public-free,public-free,961098.64,NOK,26.5,2023,income,national,
qs2024,NZL,New Zealand,5,5,1.00,0.0,0.0,0.0,public,moderate,public-moderate,public|moderate_or_high,public|moderate_or_high,0,5,1,0,0,0,4,5,5,1,public-moderate,public-moderate,public-low_moderate,public-moderate,public-moderate,public-low_moderate,public-moderate,public-moderate,public-moderate,80285.58,NZD,,,,,no PIP survey 2013-2023
qs2024,PAK,Pakistan,5,5,0.80,0.0,0.0,0.0,public,high,public-high,public|moderate_or_high,,4,4,3,0,1,1,2,5,0,0,public-high,mixed-high,public-high,public-high,not_computable(no enrolment: PAK-QIA PAK-NUST PAK-LUMS PAK-PIEAS PAK-CI),public-high,public-high,public-high,public-high,337977.01,PKR,29.6,2018,consumption,national,
qs2024,PER,Peru,7,7,0.29,0.2857,0.2857,0.29,private,high,private-high,private_not_govt_dependent|moderate_or_high,private_not_govt_dependent|moderate_or_high,5,7,5,0,2,0,2,7,0,0,private-high,mixed-free,private-high,private-high,private-high,private-high,private-high,private-high,private-high,29647.53,PEN,40.7,2023,income,national,
qs2024,POL,Poland,5,5,1.00,1.0,1.0,1.0,public,free,public-free,public|free,public|free,0,5,0,2,0,0,0,3,0,0,public-free,public-free,public-free,public-free,public-free,public-free,public-free,public-free,public-free,93091.32,PLN,28.5,2023,income,national,
qs2024,PRT,Portugal,5,5,1.00,0.0,1.0,1.0,public,low,public-low,public|low_to_low_moderate,public|low_to_low_moderate,5,5,1,1,0,0,4,4,0,0,public-low,public-low,public-low,public-low,public-low,public-low,public-low,public-low,public-low,25557.59,EUR,33.9,2023,income,national,
qs2024,PRY,Paraguay,1,1,1.00,0.0,1.0,1.0,public,low,public-low,public|low_to_low_moderate,public|low_to_low_moderate,1,0,1,0,0,1,0,1,0,1,public-low,public-low,public-low,public-low,public-low,public-low,public-low,public-low,public-low,45943691.74,PYG,44.2,2023,income,national,
qs2024,ROU,Romania,10,10,1.00,0.0,0.4,0.4,public,low_moderate,public-low_moderate,public|low_to_low_moderate,public|low_to_low_moderate,0,10,1,0,10,0,9,10,9,0,public-low_moderate,public-low_moderate,public-low_moderate,public-low_moderate,public-low_moderate,public-low,public-low_moderate,public-free,public-low_moderate,83455.44,RON,29.8,2023,income,national,
qs2024,SAU,Saudi Arabia,5,5,0.80,0.8,0.8,0.8,public,free,public-free,public|free,public|free,0,0,0,3,0,0,1,1,0,0,public-free,public-free,public-free,public-free,public-free,public-free,public-free,public-free,public-free,135588.21,SAR,,,,,no PIP survey 2013-2023
qs2024,SGP,Singapore,4,4,1.00,0.0,0.0,0.0,public,moderate,public-moderate,public|moderate_or_high,public|moderate_or_high,4,1,4,1,0,3,0,3,3,0,public-moderate,public-moderate,public-low_moderate,public-moderate,public-moderate,public-low_moderate,public-moderate,public-moderate,public-moderate,115991.69,SGD,,,,,no PIP survey 2013-2023
qs2024,SVN,Slovenia,3,3,1.00,1.0,1.0,1.0,public,free,public-free,public|free,public|free,0,3,0,0,3,0,1,1,0,0,public-free,public-free,public-free,public-free,public-free,public-free,public-free,public-free,public-free,30205.70,EUR,24.7,2023,income,national,
qs2024,SWE,Sweden,5,5,1.00,1.0,1.0,1.0,public,free,public-free,public|free,public|free,0,0,0,0,0,0,1,5,0,0,public-free,public-free,public-free,public-free,public-free,public-free,public-free,public-free,public-free,583031.37,SEK,29.3,2023,income,national,
qs2024,THA,Thailand,5,5,1.00,0.0,0.0,0.0,public,moderate,public-moderate,public|moderate_or_high,public|moderate_or_high,1,1,5,1,0,0,0,4,4,0,public-moderate,public-moderate,public-moderate,public-moderate,public-moderate,public-moderate,public-high,public-moderate,public-moderate,250942.62,THB,33.5,2023,consumption,national,
qs2024,TUR,Turkey,5,5,0.60,0.6,0.6,0.6,mixed,free,mixed-free,public|free,public|free,0,5,1,4,0,0,1,1,0,0,public-free,mixed-free,mixed-free,mixed-free,public-free,mixed-free,mixed-free,mixed-free,mixed-free,317505.57,TRY,43.7,2023,income,national,
qs2024,TWN,Taiwan,5,5,1.00,0.0,0.0,0.0,public,low_moderate,public-low_moderate,public|low_to_low_moderate,public|low_to_low_moderate,5,0,1,4,0,5,4,1,4,0,public-low_moderate,public-low_moderate,public-low_moderate,public-low_moderate,public-low_moderate,public-low,public-low_moderate,public-low_moderate,public-low_moderate,1010938.95,TWD,31.6,2021,income,national,
qs2024,UKR,Ukraine,6,6,1.00,0.0,0.0,0.0,public,moderate,public-moderate,public|moderate_or_high,public|moderate_or_high,0,6,0,0,6,0,6,6,5,0,public-high,public-moderate,public-moderate,public-moderate,public-moderate,public-moderate,public-high,public-free,public-free,187974.69,UAH,25.6,2020,consumption,national,
qs2024,URY,Uruguay,4,1,0.25,1.0,1.0,0.25,private,incomplete(free..high),private-incomplete(free..high),public|free,public|free,0,1,3,1,0,0,0,3,0,3,private-incomplete(free..high),mixed-incomplete(free..high),private-incomplete(free..high),private-incomplete(free..high),public-free,private-incomplete(free..high),private-incomplete(free..high),private-incomplete(free..high),private-incomplete(free..high),,UYU,40.9,2023,income,national,
qs2024,USA,United States,5,5,0.20,0.0,0.0,0.0,private,high,private-high,private_not_govt_dependent|moderate_or_high,public|moderate_or_high,5,0,5,0,0,5,0,5,0,0,private-high,private-high,private-high,private-high,mixed-moderate,private-high,private-high,private-high,private-high,82586.78,USD,41.8,2023,income,national,
qs2024,ZAF,South Africa,5,5,1.00,0.0,0.0,0.0,public,high,public-high,public|moderate_or_high,public|moderate_or_high,5,5,3,0,0,0,2,5,1,1,public-high,public-high,public-high,public-high,public-high,public-high,public-high,public-high,public-high,111333.79,ZAR,54.0,2022,consumption,national,
