country_iso3,region,n_institutions,n_yes,n_no,n_unknown,pattern,national_rule
ARE,Middle East & North Africa,5,0,5,0,none yes,no
ARG,Latin America,5,0,5,0,none yes,no
AUS,Oceania,5,5,0,0,all yes,no
AUT,Western Europe,5,0,5,0,none yes,no
AZE,Central Asia & Caucasus,6,0,6,0,none yes,no
BEL,Western Europe,5,0,5,0,none yes,no
BRA,Latin America,5,5,0,0,all yes,yes
CAN,North America,5,5,0,0,all yes,yes
CHE,Western Europe,5,0,5,0,none yes,no
CHL,Latin America,5,5,0,0,all yes,yes
CHN,East Asia,5,5,0,0,all yes,yes
COL,Latin America,5,2,2,1,mixed,yes
CZE,Central & Eastern Europe,5,0,5,0,none yes,no
DEU,Western Europe,5,0,5,0,none yes,no
DNK,Nordic,5,0,5,0,none yes,no
ECU,Latin America,5,2,3,0,mixed,yes
EGY,Middle East & North Africa,5,0,5,0,none yes,no
ESP,Western Europe,5,3,2,0,mixed,yes
EST,Central & Eastern Europe,4,0,4,0,none yes,no
FIN,Nordic,5,0,5,0,none yes,no
FRA,Western Europe,5,5,0,0,all yes,yes
GBR,Western Europe,5,5,0,0,all yes,no
GRC,Central & Eastern Europe,5,0,5,0,none yes,no
HKG,East Asia,5,0,5,0,none yes,no
HRV,Central & Eastern Europe,4,2,2,0,mixed,no
HUN,Central & Eastern Europe,5,5,0,0,all yes,yes
IDN,Southeast Asia,5,5,0,0,all yes,yes
IND,South Asia,5,5,0,0,all yes,yes
IRL,Western Europe,5,5,0,0,all yes,no
ISR,Middle East & North Africa,5,4,1,0,mixed,no
ITA,Western Europe,5,0,5,0,none yes,no
JPN,East Asia,5,0,5,0,none yes,no
KAZ,Central Asia & Caucasus,5,5,0,0,all yes,yes
KGZ,Central Asia & Caucasus,5,4,0,1,mixed,yes
KOR,East Asia,5,5,0,0,all yes,yes
LTU,Central & Eastern Europe,5,0,5,0,none yes,no
MEX,Latin America,5,0,5,0,none yes,no
MYS,Southeast Asia,5,5,0,0,all yes,yes
NGA,Sub-Saharan Africa,5,5,0,0,all yes,yes
NLD,Western Europe,5,0,5,0,none yes,no
NOR,Nordic,5,0,5,0,none yes,no
NZL,Oceania,5,5,0,0,all yes,no
OMN,Middle East & North Africa,5,4,1,0,mixed,yes
PAK,South Asia,5,1,3,1,mixed,yes
PER,Latin America,5,1,4,0,mixed,yes
PHL,Southeast Asia,5,1,4,0,mixed,yes
POL,Central & Eastern Europe,5,0,5,0,none yes,no
PRT,Western Europe,5,5,0,0,all yes,yes
PRY,Latin America,1,1,0,0,all yes,no
ROU,Central & Eastern Europe,5,5,0,0,all yes,yes
SAU,Middle East & North Africa,5,0,4,1,mixed,no
SGP,Southeast Asia,4,0,4,0,none yes,no
SVK,Central & Eastern Europe,5,0,5,0,none yes,no
SVN,Central & Eastern Europe,3,0,3,0,none yes,no
SWE,Nordic,5,0,5,0,none yes,no
THA,Southeast Asia,5,3,2,0,mixed,no
TUR,Middle East & North Africa,5,0,5,0,none yes,no
TWN,East Asia,5,5,0,0,all yes,yes
UKR,Central & Eastern Europe,5,5,0,0,all yes,yes
URY,Latin America,4,0,4,0,none yes,no
USA,North America,7,0,7,0,none yes,no
UZB,Central Asia & Caucasus,5,5,0,0,all yes,yes
ZAF,Sub-Saharan Africa,5,3,1,1,mixed,no
