institution_id,checker_run,draft_headline,band_check,reason_check,disagreement,resolution,notes
JPN-KYOTO,Q01,535800,agree,"Price unchanged (2025年度 page 535,800 = 2023/24); the band change moderate -> low_moderate is caused entirely by the denominator (JPN GDP pc +8.75%, 2023 -> 2025), not by an error.",none,none_needed,"Uniform national-university standard rate. Ratio 535,800 / 5,380,358.86 (JPN GDP pc 2025) = 9.958% -> low_moderate; 2023/24 535,800 / 4,947,394.59 = 10.83% moderate. Margin to the 10% cut-off is only 2,236 JPY/yr (cut-off 538,036): any recurring compulsory charge of 2,236 JPY or more would put the row back in moderate. No such charge appears on the fee page (compulsory fees 0 = none found, not a sourced zero; insurance excluded by protocol). Sensitivity cut-offs (2.5/5/15/30%) do not move it out of the 5-15% bracket."
JPN-OSAKA,Q01,535800,agree,"Price unchanged (FY2025 capture 535,800); band change is denominator-driven (GDP pc +8.75%).",none,none_needed,"Ratio 535,800 / 5,380,358.86 (JPN GDP pc 2025) = 9.958% -> low_moderate; 2023/24 535,800 / 4,947,394.59 = 10.83% moderate. Margin to the 10% cut-off is only 2,236 JPY/yr (cut-off 538,036): any recurring compulsory charge of 2,236 JPY or more would put the row back in moderate. No such charge appears on the fee page (compulsory fees 0 = none found, not a sourced zero; insurance excluded by protocol). Sensitivity cut-offs (2.5/5/15/30%) do not move it out of the 5-15% bracket."
JPN-TOHOKU,Q01,535800,agree,"Price unchanged (page states 2025年度 amounts: 535,800); band change is denominator-driven (GDP pc +8.75%).",none,none_needed,"Ratio 535,800 / 5,380,358.86 (JPN GDP pc 2025) = 9.958% -> low_moderate; 2023/24 535,800 / 4,947,394.59 = 10.83% moderate. Margin to the 10% cut-off is only 2,236 JPY/yr (cut-off 538,036): any recurring compulsory charge of 2,236 JPY or more would put the row back in moderate. No such charge appears on the fee page (compulsory fees 0 = none found, not a sourced zero; insurance excluded by protocol). Sensitivity cut-offs (2.5/5/15/30%) do not move it out of the 5-15% bracket."
JPN-TITECH,Q01,639180,agree,"Regime change is real (merger into Institute of Science Tokyo, rule 規則第75号 in force from 2024-10-01, last amended 令7.3.7) and applies to the baseline 2025 entrant: 学院(学士課程, ex-Tokyo Tech) 635,400 and 学部(学士課程, ex-TMDU medicine/dentistry) 642,960; 535,800 only for pre-2019/pre-2020 enrolees (附則4). Band is moderate under both the merged (D040/D059) and the pre-merger scope.",none,none_needed,"Ratio 639,180/5,380,358.86 = 11.88% (min 11.81%, max 11.95%) moderate; pre-merger scope 635,400 = 11.81% moderate; 2023/24 12.84% moderate. band_unstable no. Did not reopen the draft's 令和7年度後期 notice (JPN-TITECH-P10-JPN-03); the fee rule itself suffices."
TWN-TH,Q01,54200,agree,"Price unchanged (114 MOE listing and NTHU 115 schedule both 17,500 + 11,130/6,870 per semester, same as 112); band change low_moderate -> low is caused by the denominator (DGBAS GDP pc 1,010,959 in 2023 -> 1,230,035 in 2025, +21.7%). NTHU's own 114 schedule was not found either; the MOE platform plus the bracketing 112 and 115 NTHU schedules are adequate for the band.",none,none_needed,"Blind: (24,370+600)x2 = 49,940 to (28,630+600)x2 = 58,460 incl. network fee 600/semester (V014 source, not reopened); midpoint 54,200 = 4.41% low; min 4.06%, max 4.75% (all low; band_unstable no, was yes in 2023/24). Max is 5% below the 5% cut-off (61,489); would need about +3,000/yr unexplained compulsory charges to reach it. Even with 2024 GDP pc (1,099,390) the headline would be 4.93% (low). Legacy Nanda departments at lower rates (draft flag) do not affect the band."
TWN-TST,Q01,52730,agree,Price unchanged: Taiwan Tech's own 114 schedule (MOE-noted 114-07-02) is readable via a Wayback capture of 2026-07-07 and gives exactly the 112 rates; band change is denominator-driven (+21.7% GDP pc).,none,correction_proposed,"Blind 48,680-56,780 (per semester x2, same convention as 2023/24), midpoint 52,730 = 4.29% low (min 3.96%, max 4.62%); band_unstable no. The draft could not open the official 114 PDF (live URL redirects); the Wayback copy confirms the MOE-platform figures, so the draft value stands and only the source/notes (and possibly confidence) need updating. Network/other bill items still not checked (gap unchanged); a fee of the NTHU/NTNU size (1,000-1,200/yr) would not change the band."
TWN-NTNU,Q01,52190,agree,Price unchanged (114 schedule identical to 111/113; network fee 500/semester); band change low_moderate -> low is denominator-driven (+21.7% GDP pc).,none,none_needed,"Blind: (23,590+500)x2 = 48,180 to (27,600+500)x2 = 56,200; midpoint 52,190 = 4.24% low (min 3.92%, max 4.57%); band_unstable no. Insurance 205 excluded. The PDF text layer was extractable with pymupdf (draft read it from an image); values agree."
SGP-SMU,Q01,12198,agree,"Price essentially unchanged (tuition 11,500/12,700 as in AY2023/24; IT fee 16 -> 18); band change moderate -> low_moderate is caused by the denominator (SGP GDP pc 115,992 -> 129,194, +11.4%).",none,correction_proposed,"12,198/129,194.34 = 9.44% low_moderate; min 8.98%, max 9.91% -> band_unstable no under the main rule. Within ~10% of the cut-off (12,919): with the compulsory insurance line (129; excluded as health insurance) the headline is 12,327 = 9.54% (still low_moderate) but the Law max becomes 12,927 = 10.006% (moderate), so band_unstable flips to yes under the insurance sensitivity. Suggest recording this in notes (see corrections)."
SGP-NTUS,Q01,22592.50,agree,"Period of the AY2025 miscellaneous fees is not stated in the PDF (unresolved); the annual reading is the more plausible (AY2023 per-semester 148.66/166.07/233.95 x2 = 297/332/468 continues smoothly to AY2024 311/346.10 and AY2025 330/367/505, whereas a per-semester reading implies a doubling in one year); either reading gives moderate (22,592.50 = 17.49% vs 23,010 = 17.81%).",none,none_needed,"Blind: min 8,250 + 330 = 8,580 (6.64% low_moderate); max Medicine 36,100 + 505 = 36,605 (28.33% high); midpoint 22,592.50 = 17.49% moderate; band_unstable yes (unchanged). Without Medicine the max is REP 13,500 + 367 = 13,867 and the midpoint 11,223.50 = 8.69% low_moderate - Medicine decides moderate vs low_moderate (as the draft notes; D032 keeps the outlier). Caveat on the continuity argument: the AY2023 PDF tabulated Semester 1 only, so a semester-2 amount differing from semester 1 cannot be excluded."
THA-TU,Q01,65500,agree,"Band change high -> moderate is caused by the denominator (THA GDP pc 250,943 -> 264,922, +5.6%) with a small price rise (65,000 -> 65,500); the official AY2568 schedule could not be opened (TU legal database has no post-2559 amendment; tuadmissions PDF 404; reg.tu.ac.th pages JavaScript-only), so the row still rests on secondary reports (Bangkok Insight; SmartMathPro agrees on pharmacy 52,000 and dentistry 50,000).",none,unresolved,"Blind (same evidence limits): min Political Science 13,500 x2 = 27,000; max Pharmacy 52,000 x2 = 104,000; midpoint 65,500 = 24.72% moderate; min 10.19% moderate, max 39.26% high (band_unstable yes). VERY CLOSE to the 25% cut-off (66,231): the headline flips to high if (a) any recurring compulsory fee of 731 THB/yr or more exists (fees 0 carried from the 2555 regulation, not re-checked for 2568), or (b) the lowest Thai regular programme is 14,231/semester or more, or (c) the max exceeds 53,231/semester. Pharmacy 52,000/semester is corroborated for 2564 (official TCAS64 sheet, V022) and 2569 (Thairath) entrants. The band is agreed on the available evidence but should be treated as fragile; confidence low is appropriate. The ratio is below 25% under the 30% sensitivity cut too; under the main cut it is a 1.1% margin."
THA-CMU,Q01,55000,agree,"The 2566 regulation (entrants from AY2567) schedules a per-semester registration-for-services fee of 1,000 for every programme, and the AY2568 admissions table gives tuition 15,000-38,000/semester for Thai programmes; a similar service fee existed before (draft's 2018 manual), so the 2023/24 row (fees 0) may have missed it, but its amount for AY2566 entrants remains undocumented and even 2,000/yr would leave 2023/24 at 18.3% (moderate) - no band consequence.",none,none_needed,"NOT FULLY BLIND: the THA draft file (both rows) was opened after the TU search and before the CMU extraction; CMU figures were then independently recomputed from the primary files (103 Thai-typed rows parsed; min 15,000, max 38,000). Headline 55,000 = 20.76% moderate; min 12.08% moderate, max 29.44% high -> band_unstable yes (was no in 2023/24). Minor: a CMU Business faculty registration guide describes cancelling the service registration when the services are not wanted (THA-CMU-Q01-03), so whether the 1,000 fee is strictly unavoidable is not certain; without it the headline is 53,000 = 20.0% (moderate)."
IDN-IPB,Q01,30000000,agree,"Headline is high whether or not the new Kedokteran programme (full-pay 20,000,000/semester) is in the range: with it 30,000,000 = 35.98%, without it 22,500,000 = 26.99% (both high); the band instability is at the bottom of the scale (level I 500,000/semester -> 1,000,000/yr = 1.20%, low), not at the headline.",none,none_needed,"Blind from the 2025 table (Wayback 2025-08-14): full-pay (top level) per semester 10,000,000 (Manajemen, ESL, KPM) to 12,500,000 (Teknik Mesin, Teknik Kimia) and 20,000,000 (Kedokteran); annualised 20,000,000-40,000,000, midpoint 30,000,000; charge_min 1,000,000 (level I x2), charge_max 40,000,000 (47.98%). The 2026 live table repeats the same Kedokteran scale. Kedokteran is a first S1 degree (included by D032). Without Kedokteran the lowest full-pay year (20,000,000 = 23.99%) is moderate, so the headline sits 8% above the 25% cut."
NZL-MU,Q01,33589.40,agree,"Headline 33,589.40 = 39.76% high; it stays high if the 180-credit pilot first year is scaled to 120 credits (pilot 38,981.40 + 1,128 = 40,109.40; midpoint 23,844.05 = 28.23%) and turns moderate only if the Air Transport Pilot major is excluded (11,578.90 = 13.71%), which D032 does not allow.",none,correction_proposed,"Blind: min Teacher Education 6,450.70 + services fee 9.40 x 120 = 1,128.00 -> 7,578.70 (8.97% low_moderate); max ATP 58,472.10 + 1,128 = 59,600.10 (70.55%); midpoint 33,589.40; band_unstable yes. Figures are Massey estimates. The 2025 fee structure dropped the 2023 base fee (per-credit only). Suggest adding the 120-credit scaling sensitivity to notes (see corrections)."
FRA-PSL,Q02,2594,agree,"The low -> low_moderate move is caused by the price, not the denominator or an error: Dauphine extended the LSO income scale upward (3,300 at >=160,000 in 2023/24; now 3,450 / 4,140 / 4,800 at 160-180k / 180-200k / >=200k), so the full-pay rate used in the midpoint rose to 4,800; this is a price_update within the same modulated regime (same averaging rule, same scale logic), not a regime change; charge_min 105 = 0 (lowest Dauphine scale point) + CVEC 105 reproduces the 2023/24 min construction (0 + 100) exactly, but it is not the low end of the range whose midpoint is taken (CPES 178 + CVEC = 283).",none on headline or band; minor on charge_min definition,correction_proposed,"Ratio 2,594 / 43,350.85 = 5.98% (low_moderate), about 20% above the 5% cut. Sensitivity: using the old top bracket boundary (160,000-179,999 = 3,450) gives (178+3,450)/2+105 = 1,919 = 4.43% (low); the band change therefore rests entirely on Dauphine's new top brackets (>=180,000). Min 105 and 283 are both 'free' band, so band_unstable = yes either way; the charge_min correction is a consistency point only and would carry the same 2023/24 logic (100 -> 270). CPES rate 178 confirmed by the national table (license rate 2025-26); the draft's PSL CPES page (not reopened) says the same per its quote."
ROU-SCMS,Q02,6600,agree,"The low -> low_moderate move is driven by the programme range, not the denominator or an error: Medicine (9,500; a first-degree integrated licence programme, absent from the 2023/24 Annex 1 and listed at 9,000 in the plan valid until 28.09.2025) and Cinematography (9,000) now set the top of the IF licence range; under the unchanged midpoint rule they stay in the range (D032), so the band is correct but only because of these programmes.",none,none_needed,"Ratio 6,600 / 100,755.92 = 6.55% (low_moderate). Min 3,700 = 3.67% (low), max 9,500 = 9.43% (low_moderate), so band_unstable = yes and should be flagged. Without Medicine and Cinematography: (3,700+5,000)/2 = 4,350 = 4.32% (low). Underlying rates also rose ~12% (e.g. Istorie 3,300 -> 3,700). Compulsory fees 0: plan lists only one-off enrolment/admission and procedure fees; no recurring fee found (consistent with 2023/24). Draft's 2024/25 source (Medicine 9000 in 2024/25 plan) not reopened; the 2025 plan's Anexa 1 independently shows Medicine 9000 for the period to 28.09.2025."
HUN-BTE,Q02,900000,agree,"The moderate -> low_moderate move is caused by the denominator, not an error: the price rose 12.5% (midpoint 800,000 -> 900,000; KTH table shows 2025-entrant base+credit fees e.g. matematika 200,000+10,000 -> 240,000+12,000/credit, gazdálkodási és menedzsment unchanged at 120,000+6,000) while GDP per capita rose from about 7.84m (2023) to 9.15m HUF (2025), taking the ratio from 10.20% to 9.84%.",none,none_needed,"Blind figure derived from the KTH table at 30 credits/semester (the convention V016 showed reproduces felvi prices): full-time Hungarian bachelor codes (N-A..., excluding NA... English-taught codes) range 300,000 (7N-AGM02) to 600,000 (9N-AM06, 9N-AF06, 9N-AM24) per semester, most engineering 400,000; x2 = 600,000-1,200,000, midpoint 900,000; felvi pages confirm both endpoints. Ratio 900,000 / 9,148,965 = 9.84%: only 1.6% below the 10% cut (near-threshold); min 6.56% low_moderate, max 13.12% moderate, band_unstable yes. Modal 400,000/semester -> 800,000 = 8.74% (low_moderate). Undivided programme code 3N-M0 (200,000+10,000 = 500,000/sem) lies inside the range. The draft's felvi-based count of listings was not recounted."
ITA-UNIMI,Q02,3808.56,agree,"The moderate -> low_moderate move is a denominator effect on a knife-edge row, not an error: the full-pay second instalment rose about 5% (3,050/3,904 -> 3,204/4,101.12) while GDP per capita rose about 5.5% (2023 -> 2025), so the ratio fell from 10.0007% to 9.94%, 0.06 points (0.6%) below the 10% cut.",none,none_needed,"Ratio 3,808.56 / 38,326.80 = 9.937%. The band classification is correct under the rules but must be reported as a near-threshold case: any additional compulsory charge of about 25 EUR, or weighting Area B more heavily than the midpoint, would move it back to moderate; Area B alone (4,257.12) = 11.1% (moderate); max-min span low -> moderate, band_unstable yes. No accident-insurance premium is charged to degree students in the 2025/26 regulation (it appears only for corsi singoli). The no-tax area widened to ISEE <= 30,000 (aid, not headline)."
ITA-PT,Q02,3756,agree,"The regime change is real and applies to the baseline student: the 2025/26 regulation for students enrolling for the first time (Laurea included) replaces the 75-level scale with a continuous ISEE formula and a full-pay Tmax of 3,600 for ISEE > 100,000 (vs 2,440 at level 75 in 2023/24), while earlier cohorts stay on the old scale; the averaging rule (full-pay rate of scale) is unchanged, so 'regime_change' is a defensible label (price_update would also be defensible since the headline concept is identical).",none,none_needed,"Headline 3,600 + 140 + 16 = 3,756; accident insurance 5 excluded as in 2023/24 (3,761 with it). Ratio 3,756 / 38,326.80 = 9.80% (low_moderate), 2% below the 10% cut: near-threshold; the band is unchanged from 2023/24 (7.15%). Tmax identical in the July and October versions. The October live file I opened has a slightly different URL from the draft's ITA-PT-P04-ITA-03 (the draft's '...contrib stud...' file was not reopened)."
ESP-UB,Q02,1202.32,agree,"The regime change is real and applies to the baseline student: Decret 125/2025 removes the teaching-structure coefficients and sets one grado first-enrolment credit price (17.69, the former A rate) for all degrees, so the 2023/24 midpoint of 17.69/18.46 becomes a uniform 60 x 17.69 = 1,061.40; the averaging rule correctly changes from midpoint_of_range to uniform.",none,none_needed,"1,061.40 + 69.80 + 70.00 + 1.12 = 1,202.32 = 3.52% of GDP pc 2025 (low; well clear of cuts). The draft cites the DOGC text via a different URL (PDF/9438/2095209.pdf); same bulletin number and content per its quote. The live ub.edu/acad/matricula/decret.pdf now serves the 2026/27 decree (Decret 96/2026), so it must not be cited for 2025/26."
ESP-UAB,Q02,1202.32,agree,"Same as ESP-UB: the single lowest credit price under Decret 125/2025 is real, covers all UAB grados for first-enrolment credits, and the UAB page confirms 17.69; the change to uniform is correct.",none,none_needed,"3.52% of GDP pc 2025 (low). Year support is slightly stronger than the draft says: the same capture links 'Preus per a la prestació de serveis acadèmics, administratius i d'altres conceptes (Curs 2025-2026)', so the year need not rest only on the capture date. Complementary (4.02) and mobility (8.00) insurance correctly excluded as optional, as in 2023/24."
ESP-UPF,Q02,1220.01,agree,"Same regime change as ESP-UB (single 17.69 credit price); at UPF a small range remains only because first-year credit loads differ (60, 61, 62 credits), so keeping midpoint_of_range with the UPF table's own figures (1,202.32-1,237.70) is consistent with the 2023/24 method.",none,none_needed,"Midpoint 1,220.01 = 3.57% of GDP pc 2025 (low). Double degrees (1,520.74-2,139.89) excluded as in 2023/24; even their max 2,139.89 = 6.26% would be low_moderate, a sensitivity only. The 70.00 services component remains not itemised on UPF pages (as in 2023/24); the UPF table totals already include the compulsory items, so the headline does not depend on the split."
ESP-UGR,Q02,817.42,agree,"The 2023/24 correction is right: a rendered-image check of Decreto 98/2023 Anexo I 2.g) shows 'Apertura de expediente académico 59,10' and 26,30 on the next row (certificaciones y traslados), so 2023/24 compulsory fees are 59.10 + 1.12 = 60.22 and the headline 817.42; Decreto 142/2025 restates the same 59,10 (now 2.h) and leaves the 12.62 grado credit price untouched for 2025/26.",none on figures; 2023/24 classification notes still describe the uncorrected 26.30,correction_proposed,"757.20 + 59.10 + 1.12 = 817.42 = 2.39% of GDP pc 2025 (low; far from cuts; 784.62 with 26.30 would be the same band). The apertura de expediente is paid once, by new entrants (art. 15), so it is a first-year charge; including it follows the 2023/24 treatment for the first-year baseline. Relative to the corrected 2023/24 row the 2025/26 price is unchanged (no_change); 'correction_of_2023_24' is the right flag for the record. Seguro escolar 1.12 still not seen on a UGR page (national premium)."
NOR-NULS,Q02,1420,agree,"The new Kopinor fee is real, compulsory for every NMBU student ('Both are mandatory fees for students'), and applies from autumn 2025: absent on the 14 Jun 2025 capture, present on the 18 Jul 2025 English page and the 6 Aug 2025 new-student page, and still billed in spring 2026; it adds 480 NOK a year but the row stays free (0.14% of GDP pc).",none,none_needed,"(470 + 240) x 2 = 1,420 NOK; SAIH 40 voluntary excluded. 1,420 / 983,385 = 0.144% (free). 'regime_change' vs 'price_update' is a labelling choice (a new fee component under an unchanged free-tuition regime); either is defensible and neither affects the band. Tuition 0 rests on the 2024 Act cited by the draft (lovdata, not reopened by me)."
UKR-TKP,Q02,36055,agree,"Both points hold: (a) the 2023 annex (visually checked) prices Ukrainian-taught full-time bachelor programmes at 19,860-30,470 UAH/yr, and every 33,520 figure is an English-taught option (the 'ᴬ – можливе викладання англійською мовою' programmes and the English-taught Бізнес-адміністрування), so excluding them under D039 gives max 30,470 and midpoint 25,165; (b) the 2025 order states prices 'за семестр', and x2 is the right annualisation (two semesters; the institute page offers payment per semester or per academic year), giving 21,840-50,270, midpoint 36,055.",none,none_needed,"36,055 / 244,543.45 = 14.74% (moderate); min 8.93% low_moderate, max 20.56% moderate, band_unstable yes. The x2 annualisation decides the band (without it 7.4%, low_moderate), so the semester basis matters: the order says 'за семестр' explicitly and the 2023 annex said 'грн/рік', and engineering moved 19,860/yr -> 10,920/sem (21,840/yr, +10%), which is consistent with x2. The large rise at the top (30,470 -> 50,270 for BEM/economics) is real per the order. Excluding English-taught tracks (BEM English 27,650/sem) as in the draft. The EEE institute page labels the same 10,920/semester as 2024/25, suggesting the engineering price did not change between 2024 and 2025 (not needed for the band)."
ARG-UP,Q03,5400000,agree,"The moderate->high change is driven by the price, not the denominator (GDP pc rose x3.0 from 2023 to 2024 while the annualised cuota rose x6.8), and a large part of it is measurement timing: the 2023 row annualises early/mid-2023 cuotas (and was flagged by V003 as a lower bound that may itself be high), whereas the 2024 row annualises a September 2024 cuota, which overstates a 2024 calendar-year average in a year when UCA fees rose 134% between January and October.","none on the figure: blind and draft coincide (x12 cuotas, midpoint of 400k-500k, 2024 price over GDP pc 2024 = 0.423, min 0.376, max 0.470, all high).",none_needed,"No 2025 UP amount found in 4 searches; UP's own schedule requires a lead-capture form (not bypassed). Robustness: the band stays high unless the 2024 year-average cuota was below about ARS 266,000/month (25% of GDP pc 2024 / 12), i.e. about 40% below the September figure; given the UCA January->October 2024 trajectory this cannot be excluded, so the high band depends on the single-month annualisation convention already used in 2023 (same convention, opposite direction of bias). I agree with the draft's reading of Normas art. 5.1 (Matrícula Anual due only after the first two semesters, so the first-year baseline does not owe it); the one-off Arancel de Ingreso is correctly excluded. Programmes behind the 400k-500k range are unstated."
ARG-UCA,Q03,4296000,agree,"The September 2024 range covers only 'licenciaturas e ingenierías' and so omits Medicina; in UCA's own July 2026 schedule Medicina (1,370,000) is about 29% above the highest licenciatura/ingenieria cuota (1,062,000), so an adjusted 2024 max of about 742,000/month would raise the midpoint to about 5.3m (ratio about 0.41) - the band stays high and the omission only understates the row.","none on the figure: blind and draft coincide (12 payments = 11 cuotas + matrícula equal to one cuota; midpoint 358,000 x 12). Ratio 4,296,000 / GDP pc 2024 12,778,090 = 0.336 high; min 0.132 moderate, max 0.540 high, so band_unstable = yes.",none_needed,"Single 2025 datum (Lic. en Comunicación Publicitaria e Institucional, January 2025, 558,737/month): x12 = 6.70m / GDP pc 2025 = 0.36, also high, consistent with the D058 row. The low end (141,000) may be a non-first-degree or ciclo programme (in the 2026 schedule the cheapest entries are 'Ciclo' and graduate-only profesorado programmes); if so the true minimum is higher and band_unstable might not hold, but that is not established. Same September-snapshot caveat as ARG-UP (UCA fees rose 134% January->October 2024)."
PER-ULIMA,Q03,41259,agree,"The 2023/24 correction is supported: the archived 2023-2 sheet and the archived 2024-2 sheet both state 'DERECHO DE MATRÍCULA S/ 250' charged with the first cuota of each semester, so 21 x (928 + 940) + 250 + 250 = 39,728 is right (the 2024-1 amount remains an inference from the 2024-2 sheet of the same tariff year).","none: blind equals draft (P 960 + 979 x 21 credits + 2 x 270). Ratio 41,259 / GDP pc 2025 34,545 = 1.19 high; min 18,720 = 0.54 high; no band risk.",none_needed,"Blind extraction started from the 2025-0/2025-1 and 2026-0 sheets (matrícula S/ 270 in all 2025 and 2026 sheets); 2025-2 and 2026-1 sheets reopened after comparison. The 2023/24 classification row already carries the corrected min (17,900) and max (41,596), both consistent with +500. Categories 1-4 on the sheets are not listed on the entrant page; agree they are not the entrant scale."
MEX-ITAM,Q03,328000,agree,"The 2023/24 evidence (Radio Fórmula, 11 Jan 2023: about 3,350 per credit, 'por semestre pueden ir de 30 a 35' credits) is press-approximate and conflicts with ITAM's own 2025 calculator loads (35-47 credits per semester, 73-87 in the first year); the proposed 268,000 mixes a 2023 press rate with 2025 curricula, so I support D059's decision not to apply it and to flag the row; the 2025/26 annualisation (4,100 x first-year credits per programme from the Dec 2025 calculator capture) is correctly computed and documented.","none on the band. Ratio 328,000 / GDP pc 2025 267,194 = 1.23 high (min 1.12, max 1.33); the 2023/24 row is high under either the old (217,750) or the indicative (268,000) figure, so the 2023/24 question does not affect any band.",none_needed,"PROCEDURAL: this blind step was compromised - the MEX-ITAM draft row was displayed together with the PER-ULIMA draft in one command before I had extracted a 2025/26 figure; my figures were then recomputed independently from the primary calculator capture (73 x 4,100 = 299,300; 87 x 4,100 = 356,700) but are not blind. Remaining caveat: the Primavera 2026 per-credit rate is not documented (4,100 assumed for both semesters; the live calculator shows 4,400, presumably 2026/27), so the headline may be slightly understated; no band effect. The one-off cuota de nuevo ingreso (21,000) is correctly excluded."
ZAF-UCT,Q03,80245,agree,"The R51,690 lower bound is not a stray typo in the summary table: it is carried from the handbook's own per-curriculum table (BBusSc specialising in Computer Science, 1st year R51,690), but the same line reads R74,720 in 2023 and R87,660 in 2026, and all other 2025 BBusSc first years are R78,090-R103,890, so it is very probably an error or an incomplete curriculum sum in the 2025 handbook; it does not affect the band.","none: blind equals draft taking the printed range literally (midpoint of 51,690 and MBChB 108,800). Ratio 80,245 / GDP pc 2025 118,025 = 0.68 high; min 0.44, max 0.92, all high. With BSW 66,100 as minimum, midpoint 87,450 = 0.74, still high.",correction_proposed,"Proposed a notes-only correction documenting the trace of 51,690 to the per-curriculum line and its 2023/2026 comparators; I leave to the coordinator whether to keep the printed figure (protocol: printed official figure, outlier stays in range) or use BSW 66,100 as min (midpoint 87,450). Either way band high, band_unstable no."
ISR-HAIFA,Q03,12709,agree,"Yes: under the 2025/26 regulations (2.5% of 100% tuition per credit, 100% = 40 credits) architecture (274 credits over 5 years = 54.8 a year) is billed about 137% a year (NIS 16,463), and occupational therapy (152/3.5) and communication disorders (153/3.5) about 109%, so the annual charge varies by programme and the averaging rule should be midpoint_of_range (min 12,709, max 17,155, midpoint 14,932); the band is low_moderate either way.","Figure and averaging rule only: the draft keeps the uniform 12,709 and flags architecture without quantifying it; I find a programme range. Band: 12,709 = 6.1%, 14,932 = 7.2%, 17,155 = 8.2% of GDP pc 2025 (208,276): all low_moderate, band_unstable no. With the welfare fee (471): +0.2 pp.",correction_proposed,"Architecture annualisation uses the institution's stated standard load (274 credits / 5 years); the first-year architecture load is not documented; the 500% minimum (100% a year) is a floor and per-credit billing applies above it. Students transferred from the WIZO Academic Center before 2024/25 pay a fixed 100% a year (not the baseline entrant). M.D. pre-clinical (158/3 = 52.7 credits, about 132%, NIS 15,823) lies inside the range; whether Haifa's M.D. is an undergraduate-entry first degree was not checked. 2023/24 row: occupational therapy and communication disorders already exceeded 40 credits a year (about 109%), so the 2023/24 row also had a small range (corrections file, notes only). Welfare-fee waivability for 2025/26 is taken from the draft's quote of p=5651; I opened the same capture but did not re-extract that paragraph."
PAK-QIA,Q03,119800,agree,"The Category A charges are one-off: every itemised version of the page labels them 'At the time of Admission' and lists admission fee plus refundable securities (Fall 2021: 'Admission Fee' + 'Securities(Deptt + Lib)'; Fall 2019: admission, registration, identity card, refundable library security, document verification), and the same Category A is charged on 'B.S 5th Semester' lateral admission; the Fall 2023 and Fall 2025 versions give totals only, so recurrence is inferred from the earlier itemisation, not observed.","none: blind equals draft (2 x Category B Regular: 117,880-121,720, midpoint 119,800). Ratio 119,800 / GDP pc 2025 445,920 = 26.9% high (min 26.4%, max 27.3%); 25% cut-off is 111,480, so the row is within about 7% of the cut-off. Including Category A once would raise it to about 34%; the band is high either way, so the one-off/recurring question does not decide the band.",none_needed,"Near-cut-off check: the band depends on annualising Category B as two semesters (Fall and Spring, semester system) at the Fall 2025 rate; the page is 'w.e.f Fall 2025' and was unchanged in March 2026, so no Spring 2026 change is indicated. The 5% advance tax 'where applicable' and field-work/laboratory charges 'where applicable' are excluded as not universal. Refundable securities would not count as a charge even if recurring."
NGA-UNN,Q03,164200,agree,"The 'other levels' rate is defensible but probably understates the first-year recurring charge: in the itemised 2021/22 schedule the first-year premium (Social Sciences 110,800 vs 74,750) was about half one-off heads (caution, ID card, UNN calendar, orientation materials, academic handbook, result checker pin, about 18,650) and about half higher first-year rates of recurring heads (development fee 30,000 vs 20,500, internet 18,000 vs 10,000, online entry 9,000 vs 6,500); the 2025/26 premium (about 17,000) is not itemised, so the baseline figure lies between 164,200 and 181,440 - both low_moderate; the source is a press-quoted UNN statement that I could not open (Cloudflare, no archive), so the 'other levels' amounts are unverified by me.","Rate choice only, not band. Draft 164,200 = 8.8% of GDP pc 2025 (1,858,879); first-year midpoint 181,440 = 9.8%; both low_moderate. The first-year Medicine figure 189,240 = 10.2% (moderate), so on a first-year basis the range would be band_unstable; on the other-levels basis (156,200-172,200 = 8.4%-9.3%) it is not. The 10% cut-off is 185,888, about 13% above the draft headline.",correction_proposed,"Blind figures come from a WebSearch summary of the Guardian article (first-year amounts only) and are not a verified observation. Coverage: only Social Sciences and Medicine are observed; in 2021/22 these two faculties were at the bottom (110,800 / 74,750) and top (120,550 / 84,750) of the schedule, so they probably bracket the programme range, but that is an inference. Proposed a notes-only correction recording the 2021/22 itemisation and that the headline may understate the first-year recurring charge; D059 (6) already decided to keep the other-levels rate, so no value change is proposed."
SVK-UK,V030,0,agree,agree,no,none_needed,Blind columns left empty: the draft rows were read before the sources. 2025/26: 1% of GDP per capita 2025 = 252.6 EUR; § 92(4) default waiver (2025 version not re-opened by V030; UK 2025/26 annex lists full-time tuition only 'po prekročení štandardnej dĺžky štúdia alebo pri súbežnom štúdiu' and for English-taught programmes). Card fees 13 EUR / revalidation 6 EUR confirmed in section 14; free either way. no_change correct.
SVK-STU,V030,0,agree,agree,no,none_needed,Blind columns left empty: the draft rows were read before the sources. 2025/26: 1% of GDP per capita 2025 = 252.6 EUR; § 92(4) default waiver (2025 version not re-opened by V030; UK 2025/26 annex lists full-time tuition only 'po prekročení štandardnej dĺžky štúdia alebo pri súbežnom štúdiu' and for English-taught programmes).
SVK-UPJS,V030,0,agree,agree,no,none_needed,Blind columns left empty: the draft rows were read before the sources. 2025/26: 1% of GDP per capita 2025 = 252.6 EUR; § 92(4) default waiver (2025 version not re-opened by V030; UK 2025/26 annex lists full-time tuition only 'po prekročení štandardnej dĺžky štúdia alebo pri súbežnom štúdiu' and for English-taught programmes).
SVK-TUKE,V030,10,agree,agree,no,none_needed,"Blind columns left empty: the draft rows were read before the sources. 2025/26: 1% of GDP per capita 2025 = 252.6 EUR; § 92(4) default waiver (2025 version not re-opened by V030; UK 2025/26 annex lists full-time tuition only 'po prekročení štandardnej dĺžky štúdia alebo pri súbežnom štúdiu' and for English-taught programmes). 'online zápis na štúdium' 10,- and 'zápis na štúdium na študijnom oddelení' 40,- confirmed in PR/TUKE/03/24 (pdftotext -raw); compulsory for entrants (SVK-TUKE-CV030-01). no_change correct."
SVK-UNIZA,V030,0,agree,agree,no,none_needed,Blind columns left empty: the draft rows were read before the sources. 2025/26: 1% of GDP per capita 2025 = 252.6 EUR; § 92(4) default waiver (2025 version not re-opened by V030; UK 2025/26 annex lists full-time tuition only 'po prekročení štandardnej dĺžky štúdia alebo pri súbežnom štúdiu' and for English-taught programmes).
SVK-SPU,V030,0,agree,agree,no,none_needed,Blind columns left empty: the draft rows were read before the sources. 2025/26: 1% of GDP per capita 2025 = 252.6 EUR; § 92(4) default waiver (2025 version not re-opened by V030; UK 2025/26 annex lists full-time tuition only 'po prekročení štandardnej dĺžky štúdia alebo pri súbežnom štúdiu' and for English-taught programmes).
PHL-UP,V030,0,agree,agree,no,none_needed,Blind columns left empty: the draft rows were read before the sources. RA 10931 Sec. 4 still stated on the live UniFAST page; free. no_change correct; no UP-specific 2025/26 statement opened (as the collector said).
PHL-ATENEO,V030,287022,agree,disagree,yes,correction_proposed,"Blind columns left empty: the draft rows were read before the sources. Band high in every version (287,022/239,838 = 120%; alternative 256,388 = 107%). The disagreement is on the year: the draft is a SY 2026-2027 estimate, not usable under D062. Wayback CDX shows no 200 capture of the college tuition page between 2024-02-24 (still SY 2023-2024) and 2026-03-25 (2025 captures are 403/301); the live page now shows SY 2027-2028 estimates (110,691 / 17,394 / 8,524 per semester, 'Updated as of 17 June 2026'), confirming the collector's unverified snippet but also not usable. No official 2025/26 figure found. A secondary source (PhilSTAR Life, 4 July 2025) reports for AY 2025-2026 tuition 104,420 per semester for 20 units, basic fees 16,574 and other fees 7,200; x2 = 256,388. Proposed for coordinator decision: replace the 2026/27 estimate with this 2025/26 secondary figure (confidence low, flagged secondary); the alternative is to keep the D062 fallback to the 2023/24 price. Band high either way."
PHL-DLSU,V030,255000,agree,agree,no,none_needed,"Blind columns left empty: the draft rows were read before the sources. PDF lists 82,000; 74,000; 81,000; 86,000; 88,000; 95,000; 93,000; 96,000 for the eight lines (text layer misaligned; order as transcribed by the collector) incl. 'Tañada - Diokno School of Law'; min 74,000 x3 = 222,000 (92.6% of GDP per capita 2025) -> high. Point for the coordinator: the Tañada-Diokno School of Law line may be a graduate-entry Juris Doctor (excluded under protocol §4) although listed for incoming first-year college students; not established; the collector's alternative range 222,000-285,000 (midpoint 253,500) is band-identical."
PHL-UST,V030,137585,agree,agree,no,none_needed,"Blind columns left empty: the draft rows were read before the sources. Visually confirmed Travel Operation and Recreation & Leisure 'I 12 lec PE, NSTP / ROTC' Total (Full) 47,483; min annualised 94,966 = 39.6% of GDP per capita 2025 -> high regardless of the maximum (CRS image not re-read)."
PHL-ADAMSON,V030,113551,agree,agree,no,none_needed,"Blind columns left empty: the draft rows were read before the sources. 'Tentative Tuition and Other School Fees for Incoming Freshmen, First Semester School Year 2025 - 2026', 'as of 4/25/2025'; 41 Php values parsed, min 41,587, max 71,964 (matches draft); min x2 = 83,174 = 34.7% of GDP per capita 2025 -> high."
ARE-UAEU,V031,0 (2025/26); 0 (2024/25),agree,agree,,none_needed,"Blind columns left empty (no blind extraction; the draft was read first). UAE has no GDP 2025; the 2024/25 row (0, free) is the one used under D061/D058. Same indirect evidence as 2023/24."
ARE-KU,V031,0 (2025/26); 0 (2024/25),unresolved,agree,"Same free vs 82,500 conflict as 2023/24.",unresolved,"Blind columns left empty (no blind extraction; the draft was read first). Same conflict as the 2023/24 row (see classification verification). Full-pay alternative 82,500 = 44.7% of GDP pc 2024 (high)."
ARE-AUS,V031,"108,507 (2025/26); 105,860 (2024/25)",agree,agree,,none_needed,"Blind columns left empty (no blind extraction; the draft was read first). 2024/25 row used: 105,860 / 184,629.48 = 57.3% -> high; far from any cut-off, so not re-opened."
ARE-UOS,V031,"84,630 (2025/26); not established (2024/25)",agree,agree,,none_needed,"Blind columns left empty (no blind extraction; the draft was read first). 2024/25 not established confirmed. Under D062(2) the most-recent view keeps the 2023/24 price with GDP 2023 (80,600, 44.0%, high). 2025/26 (84,630) has no UAE GDP and is not used."
ARE-AJMAN,V031,"82,611.75 (2025/26); 78,461.75 (2024/25)",agree,agree,,none_needed,"Blind columns left empty (no blind extraction; the draft was read first). 2024/25 row used: 78,461.75 / 184,629.48 = 42.5% -> high (min 34,836.75 = 18.9% moderate: band_unstable). Not re-opened; the change from 2023/24 is the VAT zero-rating reported by the collector."
ARE-ADU,V031,"54,048.75 (2025/26, amounts of 2026/27); not established (2024/25)",disagree,disagree,2024/25 row was 'not established'; a 2024/25 schedule exists.,correction_proposed,"Blind columns left empty (no blind extraction; the draft was read first). The Arabic version of the ADU fee PDF (V: 092024, 'للعام الدراسي 2025-2024') is archived: undergraduate rates identical to 2023/24 (Al Ain 1,230-1,985; Abu Dhabi 1,540-1,985 per credit), Student Services 350 per semester, VAT 5%. Proposed 2024/25 row: tuition 50,636.25 + fees 735 = 51,371.25 (min 39,480, max 63,262.50) = 27.8% of GDP pc 2024 -> high (band_unstable; near the 25% cut-off, margin about 5,200 AED). This replaces the D062(2) fallback for ADU. The 2025/26 row (carrying 2026/27 amounts) has no UAE GDP and is not used."
OMN-SQU,V031,"6,150 (2025/26)",disagree,disagree,"Draft headline 6,150 (high, Afaq fee track under D038) vs D062: Afaq is a D039 parallel track, headline 0 (free).",correction_proposed,"Blind columns left empty (no blind extraction; the draft was read first). Proposed per D062(1): headline 0, uniform, change no_change for the baseline; Afaq 5,400-6,900 (midpoint 6,150 = 80.2% of GDP pc 2025) kept in notes as a sensitivity. Afaq facts: at most 300 seats (international and Omani together), added without reducing HEAC seats, excluding medicine; Omanis apply via HEAC. The collector's 150-Omani-seat figure was not re-verified."
OMN-DU,V031,"3,900 (2025/26)",agree,agree,,none_needed,"Blind columns left empty (no blind extraction; the draft was read first). 3,900 / 7,669.77 = 50.8% -> high; without the MD programme (2,100-2,400) the ratio is 27.4%-31.3%, still high. The price increase is driven by new programmes; existing rate 70 unchanged."
OMN-UNIZWA,V031,"3,120 (2025/26)",agree,agree,,none_needed,"Blind columns left empty (no blind extraction; the draft was read first). 3,120 / 7,669.77 = 40.7% -> high; without Respiratory Therapy (2,850) 37.2%."
OMN-SOHAR,V031,"2,505.25 (2025/26)",agree,agree,,none_needed,"Blind columns left empty (no blind extraction; the draft was read first). 2,505.25 / 7,669.77 = 32.7% -> high; min 2,194.5 = 28.6%. Same total/4 annualisation as 2023/24 (first-year-only rates would also be high)."
OMN-NUST,V031,"5,901.5 (2025/26)",agree,agree,,none_needed,"Blind columns left empty (no blind extraction; the draft was read first). 5,901.5 / 7,669.77 = 76.9% -> high."
OMN-GUTECH,V031,"5,640 (2025/26)",agree,agree,,none_needed,"Blind columns left empty (no blind extraction; the draft was read first). 5,640 / 7,669.77 = 73.5% -> high."
OMN-ASU,V031,"2,550 (2025/26)",agree,agree,,none_needed,"Blind columns left empty (no blind extraction; the draft was read first). 2,550 / 7,669.77 = 33.2% -> high; min 2,100 = 27.4%."
KAZ-KAZNU,V032,1400000,agree,agree,,none_needed,"Blind columns left empty: not a blind extraction (draft read first). Official 2025/26 citizen schedule not found (collector point). Press: 1.1-1.7M (el.kz, as cited) or 0.5-1.7M (lsm.kz, lada.kz; nursing at 500k). Midpoint 1,400,000 = 18.3% of GDP pc 2025 (7,655,116); with the 500k minimum 1,100,000 = 14.4%: moderate in every reading (cut-offs 765,512 / 1,913,779). price_update agreed."
KAZ-ENU,V032,1475000,agree,agree,,none_needed,"Blind columns empty (not blind). Official list not re-rendered; lsm.kz 1.35-1.6M and lada.kz 1.35-1.55M are consistent. 1,475,000 = 19.3% -> moderate; robust."
KAZ-SATBAYEV,V032,1091910,agree,agree,,none_needed,"Blind columns empty (not blind). Press (905k-1.3M) consistent with the board list (905,760-1,278,060). 1,091,910 = 14.3% -> moderate; robust."
KAZ-ABAI,V032,1015000,agree,disagree,change_vs_2023_24 should be price_update (the 2023/24 range was lower),correction_proposed,"Blind columns empty (not blind). 2025/26 PDF not re-rendered. 1,015,000 = 13.3% of GDP pc 2025 -> moderate; even the minimum (900,000) is 11.8%. Reason code: the recorded 2023/24 headline used the 2024/25 schedule; with the documented 2023/24 range (816,656-1,121,098) the 2025/26 row is a price_update."
KAZ-KAZNARU,V032,800000,agree,agree,,none_needed,"Blind columns empty (not blind). Official 2025/26 announcement not found. 800,000 = 10.45% of GDP pc 2025 -> moderate, but only 4.5% above the 10% cut-off (765,512): band-sensitive, secondary source, flag. Bracketing evidence: official 650,000 for 2023/24 and BES.media 880,000 for 2026/27, consistent with about 800,000 in 2025/26."
KAZ-SKU,V032,757000,agree,agree,,none_needed,"Blind columns empty (not blind). Official 2025/26 schedule not found (university pages give threshold scores and payment rules only). 757,000 = 9.89% of GDP pc 2025 -> low_moderate, 1.1% below the 10% cut-off: band-sensitive, secondary source, flag. change_vs_2023_24 price_update agreed; corrected_2023_24_headline 550,000 proposed."
UZB-NUUZ,V033,9325000,agree,agree,no,none_needed,"Blind columns left empty: draft rows were read before the sources. 9,325,000 / 49,918,458 = 18.7% moderate; even the max 11,250,000 = 22.5% is moderate, so the 2025/26 band is robust unless NUUz charged more than 1.34x base. price_update agreed (base +15% in 2024/25)."
UZB-SAMSU,V033,9325000,agree,agree,no,none_needed,Blind columns left empty: draft rows were read before the sources. 18.7% moderate; max 22.5% moderate. SamSU's own list not found (same assumption as 2023/24). price_update agreed.
UZB-TIIAME,V033,9325000,agree,agree,no,none_needed,"Blind columns left empty: draft rows were read before the sources. 18.7% moderate. Law was already offered in 2023/24 (F-31), so the collector's remark that the 2025/26 range differs from 2023/24 by programme range is superseded by the proposed 2023/24 correction (both years include law). price_update agreed."
UZB-TSTU,V033,8950000,agree,agree,no,none_needed,"Blind columns left empty: draft rows were read before the sources. 8,950,000 = 17.9% moderate; max 10,500,000 = 21.0%. price_update agreed."
UZB-TSTRU,V033,9325000,agree,agree,no,none_needed,Blind columns left empty: draft rows were read before the sources. 18.7% moderate; max 22.5%. price_update agreed.
UZB-TSUE,V033,9700000,agree,agree,no,none_needed,"Blind columns left empty: draft rows were read before the sources. The PDF gives daytime 'Amaldagi kontrakt miqdori' 8,150,000-11,250,000 (evening/distance 12,030,000 / 9,444,000 excluded); 9,700,000 = 19.4% moderate. price_update agreed."
KGZ-AUCA,V033,5700,unresolved,agree,no,none_needed,"Blind columns left empty: draft rows were read before the sources. The 2025/26 figure is only the same old USD 2,850-per-semester statement; WDI has no 2025 KGS/USD rate, so the row cannot be converted for its own year and falls back to the 2023/24 price and 2023 GDP under D062 (high either way). No newer bachelor fee found."
KGZ-KSTU,V033,96000,agree,agree,no,none_needed,"Blind columns left empty: draft rows were read before the sources. 96,000 / 269,151 = 35.7% high; even the min 72,000 = 26.8% is high, so the band does not depend on the architecture outlier (without experimental rows max 105,000 -> 88,500 = 32.9%)."
KGZ-KNU,V033,,agree,agree,no,none_needed,Blind columns left empty: draft rows were read before the sources. not_established agreed: no 2025/26 KNU list found (search returned 2026/27 material only); D060 fallback to the 2023/24 row (moderate).
KGZ-KRSU,V033,155000,agree,agree,no,none_needed,"Blind columns left empty: draft rows were read before the sources. Appendix 1 daytime bachelor/specialist 1st course: 110,000 (electronics, instrument engineering, power engineering, mechanics, transport, water management) to 200,000 (Dentistry); midpoint 155,000 = 57.6% high; min 40.9% high (stable). Point 2 'скидки и льготы по оплате за обучение за 2025-2026 учебный год не предоставляются' confirmed."
KGZ-MANAS,V033,2000,disagree,disagree,yes,correction_proposed,"Blind columns left empty: draft rows were read before the sources. News 6696 confirms the Faculty of Medicine is an 'Uluslararası Ortak Lisans Programı (UOLP)' run jointly with Sağlık Bilimleri Üniversitesi (Istanbul), years 4-6 in Istanbul, two diplomas ('her iki üniversiteden de ortak program olduğunu belirten iki ayrı diploma alır'), with a USD 4,000 annual 'katkı payı' (not charged in the preparatory year). Under D039 as applied to the METU/ITU joint programmes it is a separately priced track: 2025/26 headline 0 (free), change no_change; the USD 4,000 contribution stays in notes as a sensitivity. The announced USD 2,000 need-based scholarship for 5 Kyrgyz medical students is aid for a later update, not headline."
AZE-UNEC,V034,2250,agree,agree,no,none_needed,"Blind columns left empty (the draft was read before the sources). 2,250 / GDP pc 2025 = 17.9%, moderate. Ölkə.az's journalist line 'UNEC-də bakalavriat səviyyəsi üzrə təhsil haqları 1700-2100 AZN' conflicts with UNEC's own page. The official page is preferred; the band is the same either way (1,900 -> 15.1%). no_change is consistent with the coded 2023/24 row."
AZE-BSU,V034,3350,unresolved,agree,yes,unresolved,"Blind columns left empty. Main campus: Modern.az 2025 confirms Law 4,500 unchanged (max) and rises of 100-600 (teacher programmes +100-200 from 2,100 in 2024/25 -> min about 2,200-2,300, derived). 3,350 / GDP pc 2025 = 26.6%, high. If the press secretary's 'no significant change' is taken instead (2024/25 min 2,100) -> 3,300 = 26.2%, still high. The same branch question as the 2023/24 row: the Qazax branch charged 1,500 in 2024/25 (Banker.az) and 1,500-1,600 in 2026/27 (Modern.az 2026). If branches enter the range -> (1,500+4,500)/2 = 3,000 = 23.8%, moderate (2025/26 branch price itself not found; inferred from the flanking years). price_update reason agreed (documented increases vs 2023/24)."
AZE-ASOIU,V034,2250,agree,agree,no,none_needed,"Blind columns left empty. 2,250 / GDP pc 2025 = 17.9%; with a 3,000 maximum -> 2,500 = 19.8%; moderate either way. Note: the 2,000-2,500 is the journalist's statement, not ASOIU's (the press service declined to give figures), so the 2025/26 row is really a carried range; confidence low is right. Since group II fees of 3,000 are documented for 2024/25, 'no_change' vs 2023/24 is doubtful and the coordinator may prefer max 3,000 (midpoint 2,500) with change 'price_update'. The band is unaffected, so no correction is filed."
AZE-AZTU,V034,2050,agree,agree,no,none_needed,"Blind columns left empty. 2,050 / GDP pc 2025 = 16.3%, moderate; Banker's 1,700-2,100 -> 1,900 = 15.1%, same band."
AZE-AZUAC,V034,2150,agree,agree,no,none_needed,"Blind columns left empty. The latest documented price is 2024/25, so D058 applies (GDP pc 2024 denominator, asterisk): 2,150 / 12,401 = 17.3%, moderate (against GDP 2025: 17.1%). The coordinator should make sure the build uses the 2024 denominator for this row (year_observed says 2024/25)."
AZE-BEU,V034,2450,agree,agree,no,none_needed,"Blind columns left empty. The latest documented price is 2024/25, so D058 applies: 2,450 / GDP pc 2024 = 19.8%, moderate. Group II prices are still undocumented."
AZE-KHAZAR,V034,4500,agree,agree,no,none_needed,"Blind columns left empty. 4,500 / GDP pc 2025 = 35.7%, high; with Management 3,000 -> 4,000 = 31.8%, high."
